county,n_features,elapsed_s,output_path
Abbeville,0,0.01,
Acadia,0,0.01,
Accomack,0,0.01,
Ada,0,0.01,
Adair,0,0.01,
Adair,0,0.01,
Adair,0,0.01,
Adair,0,0.01,
Adams,0,0.01,
Adams,0,0.01,
Adams,0,0.01,
Adams,0,0.01,
Adams,0,0.01,
Adams,0,0.01,
Adams,0,0.01,
Adams,0,0.01,
Adams,0,0.01,
Adams,0,0.01,
Adams,0,0.01,
Adams,0,0.01,
Addison,0,0.01,
Adjuntas,0,0.01,
Aguada,0,0.01,
Aguadilla,0,0.01,
Aguas Buenas,0,0.01,
Aibonito,0,0.01,
Aiken,0,0.01,
Aitkin,0,0.01,
Alachua,0,0.01,
Alamance,0,0.01,
Alameda,1577,0.07,Y:\personal\mcallahan\Business\WattsonWater\DATA\Hydrography\County_NHD\Alameda\Alameda_waterbodies.shp
Alamosa,0,0.01,
Albany,0,0.01,
Albany,0,0.01,
Albemarle,0,0.01,
Alcona,0,0.01,
Alcorn,0,0.01,
Aleutians East,0,0.01,
Aleutians West,0,0.01,
Alexander,0,0.01,
Alexander,0,0.01,
Alexandria,0,0.01,
Alfalfa,0,0.01,
Alger,0,0.01,
Allamakee,0,0.01,
Allegan,0,0.01,
Allegany,0,0.01,
Allegany,0,0.01,
Alleghany,0,0.01,
Alleghany,0,0.01,
Allegheny,0,0.01,
Allen,0,0.01,
Allen,0,0.01,
Allen,0,0.01,
Allen,0,0.01,
Allen,0,0.01,
Allendale,0,0.01,
Alpena,0,0.01,
Alpine,589,0.03,Y:\personal\mcallahan\Business\WattsonWater\DATA\Hydrography\County_NHD\Alpine\Alpine_waterbodies.shp
Amador,1074,0.04,Y:\personal\mcallahan\Business\WattsonWater\DATA\Hydrography\County_NHD\Amador\Amador_waterbodies.shp
Amelia,0,0.01,
Amherst,0,0.01,
Amite,0,0.01,
Anchorage,0,0.01,
Anderson,0,0.01,
Anderson,0,0.01,
Anderson,0,0.01,
Anderson,0,0.01,
Anderson,0,0.01,
Andrew,0,0.01,
Andrews,0,0.01,
Androscoggin,0,0.01,
Angelina,0,0.01,
Anne Arundel,0,0.01,
Anoka,0,0.01,
Anson,0,0.01,
Antelope,0,0.01,
Antrim,0,0.01,
Apache,0,0.01,
Appanoose,0,0.01,
Appling,0,0.01,
Appomattox,0,0.01,
Aransas,0,0.01,
Arapahoe,0,0.01,
Archer,0,0.01,
Archuleta,0,0.01,
Arecibo,0,0.01,
Arenac,0,0.01,
Arkansas,0,0.01,
Arlington,0,0.01,
Armstrong,0,0.01,
Armstrong,0,0.01,
Aroostook,0,0.01,
Arroyo,0,0.01,
Arthur,0,0.01,
Ascension,0,0.01,
Ashe,0,0.01,
Ashland,0,0.01,
Ashland,0,0.01,
Ashley,0,0.01,
Ashtabula,0,0.01,
Asotin,0,0.01,
Assumption,0,0.01,
Atascosa,0,0.01,
Atchison,0,0.01,
Atchison,0,0.01,
Athens,0,0.01,
Atkinson,0,0.01,
Atlantic,0,0.01,
Atoka,0,0.01,
Attala,0,0.01,
Audrain,0,0.01,
Audubon,0,0.01,
Auglaize,0,0.01,
Augusta,0,0.01,
Aurora,0,0.01,
Austin,0,0.01,
Autauga,0,0.01,
Avery,0,0.01,
Avoyelles,0,0.01,
Ańasco,0,0.01,
Baca,0,0.01,
Bacon,0,0.01,
Bailey,0,0.01,
Baker,0,0.01,
Baker,0,0.01,
Baker,0,0.01,
Baldwin,0,0.01,
Baldwin,0,0.01,
Ballard,0,0.01,
Baltimore,0,0.01,
Baltimore,0,0.01,
Bamberg,0,0.01,
Bandera,0,0.01,
Banks,0,0.01,
Banner,0,0.01,
Bannock,0,0.01,
Baraga,0,0.01,
Barber,0,0.01,
Barbour,0,0.01,
Barbour,0,0.01,
Barceloneta,0,0.01,
Barnes,0,0.01,
Barnstable,0,0.01,
Barnwell,0,0.01,
Barranquitas,0,0.01,
Barren,0,0.01,
Barron,0,0.01,
Barrow,0,0.01,
Barry,0,0.01,
Barry,0,0.01,
Bartholomew,0,0.01,
Barton,0,0.01,
Barton,0,0.01,
Bartow,0,0.01,
Bastrop,0,0.01,
Bates,0,0.01,
Bath,0,0.01,
Bath,0,0.01,
Baxter,0,0.01,
Bay,0,0.01,
Bay,0,0.01,
Bayamn,0,0.01,
Bayfield,0,0.01,
Baylor,0,0.01,
Beadle,0,0.01,
Bear Lake,0,0.01,
Beaufort,0,0.01,
Beaufort,0,0.01,
Beauregard,0,0.01,
Beaver,0,0.01,
Beaver,0,0.01,
Beaver,0,0.01,
Beaverhead,0,0.01,
Becker,0,0.01,
Beckham,0,0.01,
Bedford,0,0.01,
Bedford,0,0.01,
Bedford,0,0.01,
Bee,0,0.01,
Belknap,0,0.01,
Bell,0,0.01,
Bell,0,0.01,
Belmont,0,0.01,
Beltrami,0,0.01,
Ben Hill,0,0.01,
Benewah,0,0.01,
Bennett,0,0.01,
Bennington,0,0.01,
Benson,0,0.01,
Bent,0,0.01,
Benton,0,0.01,
Benton,0,0.01,
Benton,0,0.01,
Benton,0,0.01,
Benton,0,0.01,
Benton,0,0.01,
Benton,0,0.01,
Benton,0,0.01,
Benton,0,0.01,
Benzie,0,0.01,
Bergen,0,0.01,
Berkeley,0,0.01,
Berkeley,0,0.01,
Berks,0,0.01,
Berkshire,0,0.01,
Bernalillo,0,0.01,
Berrien,0,0.01,
Berrien,0,0.01,
Bertie,0,0.01,
Bethel,0,0.01,
Bexar,0,0.01,
Bibb,0,0.01,
Bibb,0,0.01,
Bienville,0,0.01,
Big Horn,0,0.01,
Big Horn,0,0.01,
Big Stone,0,0.01,
Billings,0,0.01,
Bingham,0,0.01,
Black Hawk,0,0.01,
Blackford,0,0.01,
Bladen,0,0.01,
Blaine,0,0.01,
Blaine,0,0.01,
Blaine,0,0.01,
Blaine,0,0.01,
Blair,0,0.01,
Blanco,0,0.01,
Bland,0,0.01,
Bleckley,0,0.01,
Bledsoe,0,0.01,
Blount,0,0.01,
Blount,0,0.01,
Blue Earth,0,0.01,
Boise,0,0.01,
Bolivar,0,0.01,
Bollinger,0,0.01,
Bon Homme,0,0.01,
Bond,0,0.01,
Bonner,0,0.01,
Bonneville,0,0.01,
Boone,0,0.01,
Boone,0,0.01,
Boone,0,0.01,
Boone,0,0.01,
Boone,0,0.01,
Boone,0,0.01,
Boone,0,0.01,
Boone,0,0.01,
Borden,0,0.01,
Bosque,0,0.01,
Bossier,0,0.01,
Botetourt,0,0.01,
Bottineau,0,0.01,
Boulder,0,0.01,
Boundary,0,0.01,
Bourbon,0,0.01,
Bourbon,0,0.01,
Bowie,0,0.01,
Bowman,0,0.02,
Box Butte,0,0.01,
Box Elder,0,0.01,
Boyd,0,0.01,
Boyd,0,0.01,
Boyle,0,0.01,
Bracken,0,0.01,
Bradford,0,0.01,
Bradford,0,0.01,
Bradley,0,0.01,
Bradley,0,0.01,
Branch,0,0.01,
Brantley,0,0.01,
Braxton,0,0.01,
Brazoria,0,0.01,
Brazos,0,0.01,
Breathitt,0,0.01,
Breckinridge,0,0.01,
Bremer,0,0.01,
Brevard,0,0.01,
Brewster,0,0.01,
Briscoe,0,0.01,
Bristol,0,0.01,
Bristol,0,0.01,
Bristol,0,0.01,
Bristol Bay,0,0.01,
Broadwater,0,0.01,
Bronx,0,0.01,
Brooke,0,0.01,
Brookings,0,0.01,
Brooks,0,0.01,
Brooks,0,0.01,
Broome,0,0.01,
Broomfield,0,0.01,
Broward,0,0.01,
Brown,0,0.01,
Brown,0,0.01,
Brown,0,0.01,
Brown,0,0.01,
Brown,0,0.01,
Brown,0,0.01,
Brown,0,0.01,
Brown,0,0.01,
Brown,0,0.01,
Brule,0,0.01,
Brunswick,0,0.01,
Brunswick,0,0.01,
Bryan,0,0.01,
Bryan,0,0.01,
Buchanan,0,0.01,
Buchanan,0,0.01,
Buchanan,0,0.01,
Buckingham,0,0.01,
Bucks,0,0.01,
Buena Vista,0,0.01,
Buena Vista,0,0.01,
Buffalo,0,0.01,
Buffalo,0,0.01,
Buffalo,0,0.01,
Bullitt,0,0.01,
Bulloch,0,0.01,
Bullock,0,0.01,
Buncombe,0,0.01,
Bureau,0,0.01,
Burke,0,0.01,
Burke,0,0.01,
Burke,0,0.01,
Burleigh,0,0.01,
Burleson,0,0.01,
Burlington,0,0.01,
Burnet,0,0.01,
Burnett,0,0.01,
Burt,0,0.01,
Butler,0,0.01,
Butler,0,0.01,
Butler,0,0.01,
Butler,0,0.01,
Butler,0,0.01,
Butler,0,0.01,
Butler,0,0.01,
Butler,0,0.01,
Butte,0,0.01,
Butte,0,0.01,
Butte,1420,0.06,Y:\personal\mcallahan\Business\WattsonWater\DATA\Hydrography\County_NHD\Butte\Butte_waterbodies.shp
Butts,0,0.01,
Cabarrus,0,0.01,
Cabell,0,0.01,
Cabo Rojo,0,0.01,
Cache,0,0.01,
Caddo,0,0.01,
Caddo,0,0.01,
Caguas,0,0.01,
Calaveras,1182,0.05,Y:\personal\mcallahan\Business\WattsonWater\DATA\Hydrography\County_NHD\Calaveras\Calaveras_waterbodies.shp
Calcasieu,0,0.01,
Caldwell,0,0.01,
Caldwell,0,0.01,
Caldwell,0,0.01,
Caldwell,0,0.01,
Caldwell,0,0.01,
Caledonia,0,0.01,
Calhoun,0,0.01,
Calhoun,0,0.01,
Calhoun,0,0.01,
Calhoun,0,0.01,
Calhoun,0,0.01,
Calhoun,0,0.01,
Calhoun,0,0.01,
Calhoun,0,0.01,
Calhoun,0,0.01,
Calhoun,0,0.01,
Calhoun,0,0.01,
Callahan,0,0.01,
Callaway,0,0.01,
Calloway,0,0.01,
Calumet,0,0.01,
Calvert,0,0.01,
Camas,0,0.01,
Cambria,0,0.01,
Camden,0,0.01,
Camden,0,0.01,
Camden,0,0.01,
Camden,0,0.01,
Cameron,0,0.01,
Cameron,0,0.01,
Cameron,0,0.01,
Camp,0,0.01,
Campbell,0,0.01,
Campbell,0,0.01,
Campbell,0,0.01,
Campbell,0,0.01,
Campbell,0,0.01,
Camuy,0,0.01,
Canadian,0,0.01,
Candler,0,0.01,
Cannon,0,0.01,
Canvanas,0,0.01,
Canyon,0,0.01,
Cape Girardeau,0,0.01,
Cape May,0,0.01,
Carbon,0,0.01,
Carbon,0,0.01,
Carbon,0,0.01,
Carbon,0,0.01,
Caribou,0,0.01,
Carlisle,0,0.01,
Carlton,0,0.01,
Carolina,0,0.01,
Caroline,0,0.01,
Caroline,0,0.01,
Carroll,0,0.01,
Carroll,0,0.01,
Carroll,0,0.01,
Carroll,0,0.01,
Carroll,0,0.01,
Carroll,0,0.01,
Carroll,0,0.01,
Carroll,0,0.01,
Carroll,0,0.01,
Carroll,0,0.01,
Carroll,0,0.01,
Carroll,0,0.01,
Carroll,0,0.01,
Carson,0,0.01,
Carson,1,0.01,Y:\personal\mcallahan\Business\WattsonWater\DATA\Hydrography\County_NHD\Carson\Carson_waterbodies.shp
Carter,0,0.01,
Carter,0,0.01,
Carter,0,0.01,
Carter,0,0.01,
Carter,0,0.01,
Carteret,0,0.01,
Carver,0,0.01,
Cascade,0,0.01,
Casey,0,0.01,
Cass,0,0.01,
Cass,0,0.01,
Cass,0,0.01,
Cass,0,0.01,
Cass,0,0.01,
Cass,0,0.01,
Cass,0,0.01,
Cass,0,0.01,
Cass,0,0.01,
Cassia,0,0.01,
Castro,0,0.01,
Caswell,0,0.01,
Catahoula,0,0.01,
Catawba,0,0.01,
Catańo,0,0.01,
Catoosa,0,0.01,
Catron,0,0.01,
Cattaraugus,0,0.01,
Cavalier,0,0.01,
Cayey,0,0.01,
Cayuga,0,0.02,
Cecil,0,0.01,
Cedar,0,0.01,
Cedar,0,0.01,
Cedar,0,0.01,
Ceiba,0,0.01,
Centre,0,0.01,
Cerro Gordo,0,0.01,
Chaffee,0,0.01,
Chambers,0,0.01,
Chambers,0,0.01,
Champaign,0,0.01,
Champaign,0,0.01,
Chariton,0,0.01,
Charles,0,0.01,
Charles City,0,0.01,
Charles Mix,0,0.01,
Charleston,0,0.01,
Charlevoix,0,0.01,
Charlotte,0,0.01,
Charlotte,0,0.01,
Charlottesville,0,0.01,
Charlton,0,0.01,
Chase,0,0.01,
Chase,0,0.01,
Chatham,0,0.01,
Chatham,0,0.01,
Chattahoochee,0,0.01,
Chattooga,0,0.02,
Chautauqua,0,0.01,
Chautauqua,0,0.01,
Chaves,0,0.01,
Cheatham,0,0.01,
Cheboygan,0,0.01,
Chelan,0,0.01,
Chemung,0,0.01,
Chenango,0,0.01,
Cherokee,0,0.01,
Cherokee,0,0.01,
Cherokee,0,0.01,
Cherokee,0,0.01,
Cherokee,0,0.01,
Cherokee,0,0.01,
Cherokee,0,0.01,
Cherokee,0,0.01,
Cherry,0,0.01,
Chesapeake,0,0.01,
Cheshire,0,0.01,
Chester,0,0.01,
Chester,0,0.01,
Chester,0,0.01,
Chesterfield,0,0.01,
Chesterfield,0,0.01,
Cheyenne,0,0.01,
Cheyenne,0,0.01,
Cheyenne,0,0.01,
Chickasaw,0,0.01,
Chickasaw,0,0.01,
Chicot,0,0.01,
Childress,0,0.01,
Chilton,0,0.01,
Chippewa,0,0.01,
Chippewa,0,0.01,
Chippewa,0,0.01,
Chisago,0,0.01,
Chittenden,0,0.01,
Choctaw,0,0.01,
Choctaw,0,0.01,
Choctaw,0,0.01,
Chouteau,0,0.01,
Chowan,0,0.01,
Christian,0,0.01,
Christian,0,0.01,
Christian,0,0.01,
Chugach,0,0.01,
Churchill,0,0.01,
Ciales,0,0.01,
Cibola,0,0.01,
Cidra,0,0.01,
Cimarron,0,0.01,
Citrus,0,0.01,
Clackamas,0,0.01,
Claiborne,0,0.01,
Claiborne,0,0.01,
Claiborne,0,0.01,
Clallam,0,0.01,
Clare,0,0.01,
Clarendon,0,0.01,
Clarion,0,0.01,
Clark,0,0.01,
Clark,0,0.01,
Clark,0,0.01,
Clark,0,0.01,
Clark,0,0.01,
Clark,0,0.01,
Clark,0,0.01,
Clark,0,0.01,
Clark,0,0.01,
Clark,0,0.01,
Clark,0,0.01,
Clark,1,0.01,Y:\personal\mcallahan\Business\WattsonWater\DATA\Hydrography\County_NHD\Clark\Clark_waterbodies.shp
Clarke,0,0.01,
Clarke,0,0.01,
Clarke,0,0.01,
Clarke,0,0.01,
Clarke,0,0.01,
Clatsop,0,0.01,
Clay,0,0.01,
Clay,0,0.01,
Clay,0,0.01,
Clay,0,0.01,
Clay,0,0.01,
Clay,0,0.01,
Clay,0,0.01,
Clay,0,0.01,
Clay,0,0.01,
Clay,0,0.01,
Clay,0,0.01,
Clay,0,0.01,
Clay,0,0.01,
Clay,0,0.01,
Clay,0,0.01,
Clay,0,0.01,
Clay,0,0.01,
Clay,0,0.01,
Clayton,0,0.01,
Clayton,0,0.01,
Clear Creek,0,0.01,
Clearfield,0,0.01,
Clearwater,0,0.01,
Clearwater,0,0.01,
Cleburne,0,0.01,
Cleburne,0,0.02,
Clermont,0,0.01,
Cleveland,0,0.01,
Cleveland,0,0.01,
Cleveland,0,0.01,
Clinch,0,0.01,
Clinton,0,0.01,
Clinton,0,0.01,
Clinton,0,0.01,
Clinton,0,0.01,
Clinton,0,0.01,
Clinton,0,0.01,
Clinton,0,0.01,
Clinton,0,0.01,
Clinton,0,0.01,
Cloud,0,0.01,
Coahoma,0,0.01,
Coal,0,0.01,
Coamo,0,0.01,
Cobb,0,0.01,
Cochise,0,0.01,
Cochran,0,0.01,
Cocke,0,0.01,
Coconino,0,0.01,
Codington,0,0.01,
Coffee,0,0.01,
Coffee,0,0.01,
Coffee,0,0.04,
Coffey,0,0.01,
Coke,0,0.01,
Colbert,0,0.01,
Cole,0,0.01,
Coleman,0,0.01,
Coles,0,0.01,
Colfax,0,0.01,
Colfax,0,0.01,
Colleton,0,0.01,
Collier,0,0.01,
Collin,0,0.01,
Collingsworth,0,0.01,
Colonial Heights,0,0.01,
Colorado,0,0.01,
Colquitt,0,0.01,
Columbia,0,0.01,
Columbia,0,0.01,
Columbia,0,0.01,
Columbia,0,0.01,
Columbia,0,0.01,
Columbia,0,0.01,
Columbia,0,0.01,
Columbia,0,0.02,
Columbiana,0,0.01,
Columbus,0,0.01,
Colusa,605,0.03,Y:\personal\mcallahan\Business\WattsonWater\DATA\Hydrography\County_NHD\Colusa\Colusa_waterbodies.shp
Comal,0,0.01,
Comanche,0,0.01,
Comanche,0,0.01,
Comanche,0,0.01,
Comero,0,0.01,
Concho,0,0.01,
Concordia,0,0.01,
Conecuh,0,0.01,
Conejos,0,0.01,
Contra Costa,1472,0.08,Y:\personal\mcallahan\Business\WattsonWater\DATA\Hydrography\County_NHD\Contra_Costa\Contra_Costa_waterbodies.shp
Converse,0,0.01,
Conway,0,0.01,
Cook,0,0.01,
Cook,0,0.01,
Cook,0,0.01,
Cooke,0,0.02,
Cooper,0,0.01,
Coos,0,0.01,
Coos,0,0.01,
Coosa,0,0.01,
Copiah,0,0.01,
Copper River,0,0.01,
Corozal,0,0.01,
Corson,0,0.01,
Cortland,0,0.01,
Coryell,0,0.01,
Coshocton,0,0.01,
Costilla,0,0.01,
Cottle,0,0.01,
Cotton,0,0.01,
Cottonwood,0,0.01,
Covington,0,0.01,
Covington,0,0.01,
Covington,0,0.01,
Coweta,0,0.01,
Cowley,0,0.01,
Cowlitz,0,0.01,
Craig,0,0.01,
Craig,0,0.01,
Craighead,0,0.01,
Crane,0,0.01,
Craven,0,0.01,
Crawford,0,0.01,
Crawford,0,0.01,
Crawford,0,0.01,
Crawford,0,0.01,
Crawford,0,0.01,
Crawford,0,0.01,
Crawford,0,0.01,
Crawford,0,0.01,
Crawford,0,0.01,
Crawford,0,0.01,
Crawford,0,0.01,
Creek,0,0.01,
Crenshaw,0,0.01,
Crisp,0,0.01,
Crittenden,0,0.01,
Crittenden,0,0.01,
Crockett,0,0.01,
Crockett,0,0.01,
Crook,0,0.01,
Crook,0,0.01,
Crosby,0,0.01,
Cross,0,0.01,
Crow Wing,0,0.01,
Crowley,0,0.01,
Culberson,0,0.01,
Culebra,0,0.01,
Cullman,0,0.01,
Culpeper,0,0.01,
Cumberland,0,0.01,
Cumberland,0,0.01,
Cumberland,0,0.01,
Cumberland,0,0.01,
Cumberland,0,0.01,
Cumberland,0,0.01,
Cumberland,0,0.01,
Cumberland,0,0.01,
Cuming,0,0.01,
Currituck,0,0.01,
Curry,0,0.01,
Curry,1,0.01,Y:\personal\mcallahan\Business\WattsonWater\DATA\Hydrography\County_NHD\Curry\Curry_waterbodies.shp
Custer,0,0.01,
Custer,0,0.01,
Custer,0,0.01,
Custer,0,0.01,
Custer,0,0.01,
Custer,0,0.02,
Cuyahoga,0,0.01,
Dade,0,0.01,
Dade,0,0.01,
Daggett,0,0.01,
Dakota,0,0.01,
Dakota,0,0.01,
Dale,0,0.01,
Dallam,0,0.01,
Dallas,0,0.01,
Dallas,0,0.01,
Dallas,0,0.01,
Dallas,0,0.01,
Dallas,0,0.01,
Dane,0,0.01,
Daniels,0,0.01,
Danville,0,0.01,
Dare,0,0.01,
Darke,0,0.01,
Darlington,0,0.01,
Dauphin,0,0.01,
Davidson,0,0.01,
Davidson,0,0.01,
Davie,0,0.01,
Daviess,0,0.01,
Daviess,0,0.01,
Daviess,0,0.01,
Davis,0,0.01,
Davis,0,0.01,
Davison,0,0.01,
Dawes,0,0.01,
Dawson,0,0.01,
Dawson,0,0.01,
Dawson,0,0.01,
Dawson,0,0.01,
Day,0,0.01,
De Soto,0,0.01,
De Witt,0,0.01,
DeBaca,0,0.01,
DeKalb,0,0.01,
DeKalb,0,0.01,
DeKalb,0,0.01,
DeKalb,0,0.01,
DeKalb,0,0.01,
DeKalb,0,0.01,
DeSoto,0,0.01,
DeSoto,0,0.01,
DeWitt,0,0.01,
Deaf Smith,0,0.01,
Dearborn,0,0.01,
Decatur,0,0.01,
Decatur,0,0.01,
Decatur,0,0.01,
Decatur,0,0.01,
Decatur,0,0.01,
Deer Lodge,0,0.01,
Defiance,0,0.01,
Del Norte,241,0.04,Y:\personal\mcallahan\Business\WattsonWater\DATA\Hydrography\County_NHD\Del_Norte\Del_Norte_waterbodies.shp
Delaware,0,0.01,
Delaware,0,0.01,
Delaware,0,0.01,
Delaware,0,0.01,
Delaware,0,0.01,
Delaware,0,0.02,
Delta,0,0.01,
Delta,0,0.01,
Delta,0,0.01,
Denali,0,0.01,
Dent,0,0.01,
Denton,0,0.01,
Denver,0,0.01,
Des Moines,0,0.01,
Deschutes,0,0.01,
Desha,0,0.01,
Deuel,0,0.01,
Deuel,0,0.01,
Dewey,0,0.01,
Dewey,0,0.01,
Dickens,0,0.01,
Dickenson,0,0.01,
Dickey,0,0.01,
Dickinson,0,0.01,
Dickinson,0,0.01,
Dickinson,0,0.01,
Dickson,0,0.01,
Dillingham,0,0.01,
Dillon,0,0.01,
Dimmit,0,0.01,
Dinwiddie,0,0.01,
Divide,0,0.01,
Dixie,0,0.01,
Dixon,0,0.01,
Doddridge,0,0.01,
Dodge,0,0.01,
Dodge,0,0.01,
Dodge,0,0.01,
Dodge,0,0.01,
Dolores,0,0.01,
Doniphan,0,0.01,
Donley,0,0.01,
Dooly,0,0.01,
Door,0,0.01,
Dorado,0,0.01,
Dorchester,0,0.01,
Dorchester,0,0.01,
Dougherty,0,0.01,
Douglas,0,0.01,
Douglas,0,0.01,
Douglas,0,0.01,
Douglas,0,0.01,
Douglas,0,0.01,
Douglas,0,0.01,
Douglas,0,0.01,
Douglas,0,0.01,
Douglas,0,0.01,
Douglas,0,0.01,
Douglas,0,0.01,
Douglas,5,0.01,Y:\personal\mcallahan\Business\WattsonWater\DATA\Hydrography\County_NHD\Douglas\Douglas_waterbodies.shp
Dońa Ana,0,0.01,
Drew,0,0.01,
DuPage,0,0.01,
Dubois,0,0.01,
Dubuque,0,0.01,
Duchesne,0,0.01,
Dukes,0,0.01,
Dundy,0,0.01,
Dunklin,0,0.01,
Dunn,0,0.01,
Dunn,0,0.01,
Duplin,0,0.01,
Durham,0,0.01,
Dutchess,0,0.01,
Duval,0,0.01,
Duval,0,0.01,
Dyer,0,0.01,
Eagle,0,0.01,
Early,0,0.01,
East Baton Rouge,0,0.01,
East Carroll,0,0.01,
East Feliciana,0,0.01,
Eastland,0,0.01,
Eaton,0,0.01,
Eau Claire,0,0.01,
Echols,0,0.01,
Ector,0,0.01,
Eddy,0,0.01,
Eddy,0,0.01,
Edgar,0,0.01,
Edgecombe,0,0.01,
Edgefield,0,0.01,
Edmonson,0,0.01,
Edmunds,0,0.01,
Edwards,0,0.01,
Edwards,0,0.01,
Edwards,0,0.01,
Effingham,0,0.01,
Effingham,0,0.01,
El Dorado,1644,0.06,Y:\personal\mcallahan\Business\WattsonWater\DATA\Hydrography\County_NHD\El_Dorado\El_Dorado_waterbodies.shp
El Paso,0,0.01,
El Paso,0,0.01,
Elbert,0,0.01,
Elbert,0,0.01,
Elk,0,0.01,
Elk,0,0.01,
Elkhart,0,0.01,
Elko,0,0.01,
Elliott,0,0.01,
Ellis,0,0.01,
Ellis,0,0.01,
Ellis,0,0.01,
Ellsworth,0,0.01,
Elmore,0,0.01,
Elmore,0,0.01,
Emanuel,0,0.01,
Emery,0,0.01,
Emmet,0,0.01,
Emmet,0,0.01,
Emmons,0,0.01,
Emporia,0,0.01,
Erath,0,0.01,
Erie,0,0.01,
Erie,0,0.01,
Erie,0,0.01,
Escambia,0,0.01,
Escambia,0,0.01,
Esmeralda,1,0.01,Y:\personal\mcallahan\Business\WattsonWater\DATA\Hydrography\County_NHD\Esmeralda\Esmeralda_waterbodies.shp
Essex,0,0.01,
Essex,0,0.01,
Essex,0,0.01,
Essex,0,0.01,
Essex,0,0.01,
Estill,0,0.01,
Etowah,0,0.01,
Eureka,0,0.01,
Evangeline,0,0.01,
Evans,0,0.01,
Fairbanks North Star,0,0.01,
Fairfax,0,0.01,
Fairfax,0,0.01,
Fairfield,0,0.01,
Fairfield,0,0.01,
Fairfield,0,0.01,
Fajardo,0,0.01,
Fall River,0,0.01,
Fallon,0,0.02,
Falls,0,0.01,
Falls Church,0,0.01,
Fannin,0,0.01,
Fannin,0,0.01,
Faribault,0,0.02,
Faulk,0,0.01,
Faulkner,0,0.01,
Fauquier,0,0.01,
Fayette,0,0.01,
Fayette,0,0.01,
Fayette,0,0.01,
Fayette,0,0.01,
Fayette,0,0.01,
Fayette,0,0.01,
Fayette,0,0.01,
Fayette,0,0.01,
Fayette,0,0.01,
Fayette,0,0.01,
Fayette,0,0.01,
Fentress,0,0.01,
Fergus,0,0.01,
Ferry,0,0.01,
Fillmore,0,0.01,
Fillmore,0,0.01,
Finney,0,0.01,
Fisher,0,0.01,
Flagler,0,0.01,
Flathead,0,0.01,
Fleming,0,0.01,
Florence,0,0.01,
Florence,0,0.01,
Florida,0,0.01,
Floyd,0,0.01,
Floyd,0,0.01,
Floyd,0,0.01,
Floyd,0,0.01,
Floyd,0,0.01,
Floyd,0,0.01,
Fluvanna,0,0.01,
Foard,0,0.01,
Fond du Lac,0,0.01,
Ford,0,0.01,
Ford,0,0.01,
Forest,0,0.01,
Forest,0,0.01,
Forrest,0,0.01,
Forsyth,0,0.01,
Forsyth,0,0.01,
Fort Bend,0,0.01,
Foster,0,0.01,
Fountain,0,0.01,
Franklin,0,0.01,
Franklin,0,0.01,
Franklin,0,0.01,
Franklin,0,0.01,
Franklin,0,0.01,
Franklin,0,0.01,
Franklin,0,0.01,
Franklin,0,0.01,
Franklin,0,0.01,
Franklin,0,0.01,
Franklin,0,0.01,
Franklin,0,0.01,
Franklin,0,0.01,
Franklin,0,0.01,
Franklin,0,0.01,
Franklin,0,0.01,
Franklin,0,0.01,
Franklin,0,0.01,
Franklin,0,0.01,
Franklin,0,0.01,
Franklin,0,0.01,
Franklin,0,0.01,
Franklin,0,0.01,
Franklin,0,0.01,
Franklin,0,0.01,
Franklin,0,0.01,
Frederick,0,0.01,
Frederick,0,0.01,
Fredericksburg,0,0.01,
Freeborn,0,0.02,
Freestone,0,0.01,
Fremont,0,0.01,
Fremont,0,0.01,
Fremont,0,0.02,
Fremont,0,0.02,
Fresno,7039,0.23,Y:\personal\mcallahan\Business\WattsonWater\DATA\Hydrography\County_NHD\Fresno\Fresno_waterbodies.shp
Frio,0,0.01,
Frontier,0,0.01,
Fulton,0,0.01,
Fulton,0,0.01,
Fulton,0,0.01,
Fulton,0,0.01,
Fulton,0,0.01,
Fulton,0,0.01,
Fulton,0,0.01,
Fulton,0,0.01,
Furnas,0,0.01,
Gadsden,0,0.01,
Gage,0,0.01,
Gaines,0,0.01,
Galax,0,0.01,
Gallatin,0,0.01,
Gallatin,0,0.01,
Gallatin,0,0.01,
Gallia,0,0.01,
Galveston,0,0.01,
Garden,0,0.01,
Garfield,0,0.01,
Garfield,0,0.01,
Garfield,0,0.01,
Garfield,0,0.01,
Garfield,0,0.01,
Garfield,0,0.01,
Garland,0,0.01,
Garrard,0,0.01,
Garrett,0,0.02,
Garvin,0,0.01,
Garza,0,0.01,
Gasconade,0,0.01,
Gaston,0,0.01,
Gates,0,0.01,
Geary,0,0.01,
Geauga,0,0.02,
Gem,0,0.01,
Genesee,0,0.01,
Genesee,0,0.01,
Geneva,0,0.01,
Gentry,0,0.01,
George,0,0.01,
Georgetown,0,0.01,
Gibson,0,0.01,
Gibson,0,0.01,
Gila,0,0.01,
Gilchrist,0,0.01,
Giles,0,0.01,
Giles,0,0.01,
Gillespie,0,0.01,
Gilliam,0,0.01,
Gilmer,0,0.01,
Gilmer,0,0.01,
Gilpin,0,0.01,
Glacier,0,0.01,
Glades,0,0.01,
Gladwin,0,0.01,
Glascock,0,0.01,
Glasscock,0,0.01,
Glenn,750,0.03,Y:\personal\mcallahan\Business\WattsonWater\DATA\Hydrography\County_NHD\Glenn\Glenn_waterbodies.shp
Gloucester,0,0.01,
Gloucester,0,0.01,
Glynn,0,0.01,
Gogebic,0,0.01,
Golden Valley,0,0.01,
Golden Valley,0,0.01,
Goliad,0,0.01,
Gonzales,0,0.01,
Goochland,0,0.01,
Goodhue,0,0.01,
Gooding,0,0.01,
Gordon,0,0.01,
Goshen,0,0.01,
Gosper,0,0.01,
Gove,0,0.01,
Grady,0,0.01,
Grady,0,0.01,
Grafton,0,0.01,
Graham,0,0.01,
Graham,0,0.01,
Graham,0,0.01,
Grainger,0,0.01,
Grand,0,0.01,
Grand,0,0.01,
Grand Forks,0,0.01,
Grand Isle,0,0.01,
Grand Traverse,0,0.01,
Granite,0,0.01,
Grant,0,0.01,
Grant,0,0.01,
Grant,0,0.01,
Grant,0,0.01,
Grant,0,0.01,
Grant,0,0.01,
Grant,0,0.01,
Grant,0,0.01,
Grant,0,0.01,
Grant,0,0.01,
Grant,0,0.01,
Grant,0,0.01,
Grant,0,0.01,
Grant,0,0.01,
Grant,0,0.01,
Granville,0,0.01,
Gratiot,0,0.01,
Graves,0,0.01,
Gray,0,0.01,
Gray,0,0.01,
Grays Harbor,0,0.01,
Grayson,0,0.01,
Grayson,0,0.01,
Grayson,0,0.01,
Greeley,0,0.01,
Greeley,0,0.01,
Green,0,0.01,
Green,0,0.01,
Green Lake,0,0.01,
Greenbrier,0,0.01,
Greene,0,0.01,
Greene,0,0.01,
Greene,0,0.01,
Greene,0,0.01,
Greene,0,0.01,
Greene,0,0.01,
Greene,0,0.01,
Greene,0,0.01,
Greene,0,0.01,
Greene,0,0.01,
Greene,0,0.01,
Greene,0,0.01,
Greene,0,0.01,
Greene,0,0.01,
Greenlee,0,0.01,
Greensville,0,0.01,
Greenup,0,0.01,
Greenville,0,0.01,
Greenwood,0,0.01,
Greenwood,0,0.01,
Greer,0,0.01,
Gregg,0,0.01,
Gregory,0,0.01,
Grenada,0,0.01,
Griggs,0,0.01,
Grimes,0,0.01,
Grundy,0,0.01,
Grundy,0,0.01,
Grundy,0,0.01,
Grundy,0,0.01,
Guadalupe,0,0.01,
Guadalupe,0,0.02,
Guayama,0,0.01,
Guayanilla,0,0.01,
Guaynabo,0,0.01,
Guernsey,0,0.01,
Guilford,0,0.01,
Gulf,0,0.01,
Gunnison,0,0.01,
Gurabo,0,0.01,
Guthrie,0,0.01,
Guánica,0,0.01,
Gwinnett,0,0.01,
Haakon,0,0.01,
Habersham,0,0.01,
Haines,0,0.01,
Hale,0,0.01,
Hale,0,0.01,
Halifax,0,0.01,
Halifax,0,0.01,
Hall,0,0.01,
Hall,0,0.01,
Hall,0,0.01,
Hamblen,0,0.01,
Hamilton,0,0.01,
Hamilton,0,0.01,
Hamilton,0,0.01,
Hamilton,0,0.01,
Hamilton,0,0.01,
Hamilton,0,0.01,
Hamilton,0,0.01,
Hamilton,0,0.01,
Hamilton,0,0.01,
Hamilton,0,0.01,
Hamlin,0,0.01,
Hampden,0,0.01,
Hampshire,0,0.01,
Hampshire,0,0.01,
Hampton,0,0.01,
Hampton,0,0.01,
Hancock,0,0.01,
Hancock,0,0.01,
Hancock,0,0.01,
Hancock,0,0.01,
Hancock,0,0.01,
Hancock,0,0.01,
Hancock,0,0.01,
Hancock,0,0.01,
Hancock,0,0.01,
Hancock,0,0.01,
Hand,0,0.01,
Hanover,0,0.01,
Hansford,0,0.01,
Hanson,0,0.01,
Haralson,0,0.01,
Hardee,0,0.01,
Hardeman,0,0.01,
Hardeman,0,0.01,
Hardin,0,0.01,
Hardin,0,0.01,
Hardin,0,0.01,
Hardin,0,0.01,
Hardin,0,0.01,
Hardin,0,0.01,
Harding,0,0.01,
Harding,0,0.01,
Hardy,0,0.01,
Harford,0,0.01,
Harlan,0,0.01,
Harlan,0,0.01,
Harmon,0,0.01,
Harnett,0,0.01,
Harney,0,0.01,
Harper,0,0.01,
Harper,0,0.01,
Harris,0,0.01,
Harris,0,0.01,
Harrison,0,0.01,
Harrison,0,0.01,
Harrison,0,0.01,
Harrison,0,0.01,
Harrison,0,0.01,
Harrison,0,0.01,
Harrison,0,0.01,
Harrison,0,0.01,
Harrisonburg,0,0.01,
Hart,0,0.01,
Hart,0,0.01,
Hartford,0,0.01,
Hartley,0,0.01,
Harvey,0,0.01,
Haskell,0,0.01,
Haskell,0,0.01,
Haskell,0,0.01,
Hatillo,0,0.01,
Hawaii,0,0.01,
Hawkins,0,0.01,
Hayes,0,0.01,
Hays,0,0.01,
Haywood,0,0.01,
Haywood,0,0.01,
Heard,0,0.01,
Hemphill,0,0.01,
Hempstead,0,0.01,
Henderson,0,0.01,
Henderson,0,0.01,
Henderson,0,0.01,
Henderson,0,0.01,
Henderson,0,0.01,
Hendricks,0,0.01,
Hendry,0,0.01,
Hennepin,0,0.01,
Henrico,0,0.01,
Henry,0,0.01,
Henry,0,0.01,
Henry,0,0.01,
Henry,0,0.01,
Henry,0,0.01,
Henry,0,0.01,
Henry,0,0.01,
Henry,0,0.01,
Henry,0,0.01,
Henry,0,0.01,
Herkimer,0,0.01,
Hernando,0,0.01,
Hertford,0,0.01,
Hettinger,0,0.01,
Hickman,0,0.01,
Hickman,0,0.01,
Hickory,0,0.01,
Hidalgo,0,0.01,
Hidalgo,0,0.01,
Highland,0,0.01,
Highland,0,0.01,
Highlands,0,0.01,
Hill,0,0.01,
Hill,0,0.01,
Hillsborough,0,0.01,
Hillsborough,0,0.01,
Hillsdale,0,0.01,
Hinds,0,0.01,
Hinsdale,0,0.01,
Hitchcock,0,0.01,
Hocking,0,0.01,
Hockley,0,0.01,
Hodgeman,0,0.01,
Hoke,0,0.01,
Holmes,0,0.01,
Holmes,0,0.01,
Holmes,0,0.01,
Holt,0,0.01,
Holt,0,0.01,
Honolulu,0,0.01,
Hood,0,0.01,
Hood River,0,0.01,
Hooker,0,0.01,
Hoonah-Angoon,0,0.01,
Hopewell,0,0.01,
Hopkins,0,0.01,
Hopkins,0,0.01,
Hormigueros,0,0.01,
Horry,0,0.01,
Hot Spring,0,0.01,
Hot Springs,0,0.01,
Houghton,0,0.01,
Houston,0,0.01,
Houston,0,0.01,
Houston,0,0.01,
Houston,0,0.01,
Houston,0,0.01,
Howard,0,0.01,
Howard,0,0.01,
Howard,0,0.01,
Howard,0,0.01,
Howard,0,0.01,
Howard,0,0.01,
Howard,0,0.01,
Howell,0,0.01,
Hubbard,0,0.01,
Hudson,0,0.01,
Hudspeth,0,0.01,
Huerfano,0,0.01,
Hughes,0,0.01,
Hughes,0,0.01,
Humacao,0,0.01,
Humboldt,0,0.01,
Humboldt,0,0.01,
Humboldt,1306,0.08,Y:\personal\mcallahan\Business\WattsonWater\DATA\Hydrography\County_NHD\Humboldt\Humboldt_waterbodies.shp
Humphreys,0,0.01,
Humphreys,0,0.01,
Hunt,0,0.01,
Hunterdon,0,0.01,
Huntingdon,0,0.01,
Huntington,0,0.01,
Huron,0,0.01,
Huron,0,0.01,
Hutchinson,0,0.01,
Hutchinson,0,0.01,
Hyde,0,0.01,
Hyde,0,0.01,
Iberia,0,0.01,
Iberville,0,0.01,
Ida,0,0.01,
Idaho,0,0.01,
Imperial,2042,0.05,Y:\personal\mcallahan\Business\WattsonWater\DATA\Hydrography\County_NHD\Imperial\Imperial_waterbodies.shp
Independence,0,0.01,
Indian River,0,0.01,
Indiana,0,0.01,
Ingham,0,0.01,
Inyo,1491,0.06,Y:\personal\mcallahan\Business\WattsonWater\DATA\Hydrography\County_NHD\Inyo\Inyo_waterbodies.shp
Ionia,0,0.01,
Iosco,0,0.01,
Iowa,0,0.01,
Iowa,0,0.01,
Iredell,0,0.01,
Irion,0,0.01,
Iron,0,0.01,
Iron,0,0.01,
Iron,0,0.01,
Iron,0,0.01,
Iroquois,0,0.02,
Irwin,0,0.01,
Isabela,0,0.01,
Isabella,0,0.01,
Isanti,0,0.01,
Island,0,0.01,
Isle of Wight,0,0.01,
Issaquena,0,0.01,
Itasca,0,0.01,
Itawamba,0,0.01,
Izard,0,0.01,
Jack,0,0.01,
Jackson,0,0.01,
Jackson,0,0.01,
Jackson,0,0.01,
Jackson,0,0.01,
Jackson,0,0.01,
Jackson,0,0.01,
Jackson,0,0.01,
Jackson,0,0.01,
Jackson,0,0.01,
Jackson,0,0.01,
Jackson,0,0.01,
Jackson,0,0.01,
Jackson,0,0.01,
Jackson,0,0.01,
Jackson,0,0.01,
Jackson,0,0.01,
Jackson,0,0.01,
Jackson,0,0.01,
Jackson,0,0.01,
Jackson,0,0.01,
Jackson,0,0.01,
Jackson,0,0.01,
Jackson,0,0.01,
Jackson,0,0.01,
James City,0,0.01,
Jasper,0,0.01,
Jasper,0,0.01,
Jasper,0,0.01,
Jasper,0,0.01,
Jasper,0,0.01,
Jasper,0,0.01,
Jasper,0,0.01,
Jasper,0,0.01,
Jay,0,0.01,
Jayuya,0,0.01,
Jeff Davis,0,0.01,
Jeff Davis,0,0.01,
Jefferson,0,0.01,
Jefferson,0,0.01,
Jefferson,0,0.01,
Jefferson,0,0.01,
Jefferson,0,0.01,
Jefferson,0,0.01,
Jefferson,0,0.01,
Jefferson,0,0.01,
Jefferson,0,0.01,
Jefferson,0,0.01,
Jefferson,0,0.01,
Jefferson,0,0.01,
Jefferson,0,0.01,
Jefferson,0,0.01,
Jefferson,0,0.01,
Jefferson,0,0.01,
Jefferson,0,0.01,
Jefferson,0,0.01,
Jefferson,0,0.01,
Jefferson,0,0.01,
Jefferson,0,0.01,
Jefferson,0,0.01,
Jefferson,0,0.01,
Jefferson,0,0.01,
Jefferson,0,0.02,
Jefferson,0,0.02,
Jefferson Davis,0,0.01,
Jefferson Davis,0,0.01,
Jenkins,0,0.01,
Jennings,0,0.01,
Jerauld,0,0.01,
Jerome,0,0.01,
Jersey,0,0.01,
Jessamine,0,0.01,
Jewell,0,0.01,
Jim Hogg,0,0.01,
Jim Wells,0,0.01,
Jo Daviess,0,0.01,
Johnson,0,0.01,
Johnson,0,0.01,
Johnson,0,0.01,
Johnson,0,0.01,
Johnson,0,0.01,
Johnson,0,0.01,
Johnson,0,0.01,
Johnson,0,0.01,
Johnson,0,0.01,
Johnson,0,0.01,
Johnson,0,0.01,
Johnson,0,0.01,
Johnston,0,0.01,
Johnston,0,0.01,
Jones,0,0.01,
Jones,0,0.01,
Jones,0,0.01,
Jones,0,0.01,
Jones,0,0.01,
Jones,0,0.01,
Josephine,0,0.01,
Juab,0,0.01,
Juana Daz,0,0.01,
Judith Basin,0,0.01,
Juncos,0,0.01,
Juneau,0,0.01,
Juneau,0,0.01,
Juniata,0,0.01,
Kalamazoo,0,0.01,
Kalawao,0,0.01,
Kalkaska,0,0.01,
Kanabec,0,0.01,
Kanawha,0,0.01,
Kandiyohi,0,0.01,
Kane,0,0.01,
Kane,0,0.02,
Kankakee,0,0.01,
Karnes,0,0.01,
Kauai,0,0.01,
Kaufman,0,0.01,
Kay,0,0.01,
Kearney,0,0.01,
Kearny,0,0.01,
Keith,0,0.01,
Kemper,0,0.01,
Kenai Peninsula,0,0.01,
Kendall,0,0.01,
Kendall,0,0.01,
Kenedy,0,0.01,
Kennebec,0,0.01,
Kenosha,0,0.01,
Kent,0,0.01,
Kent,0,0.01,
Kent,0,0.01,
Kent,0,0.01,
Kent,0,0.01,
Kenton,0,0.01,
Keokuk,0,0.01,
Kern,6285,0.10,Y:\personal\mcallahan\Business\WattsonWater\DATA\Hydrography\County_NHD\Kern\Kern_waterbodies.shp
Kerr,0,0.01,
Kershaw,0,0.01,
Ketchikan Gateway,0,0.01,
Kewaunee,0,0.01,
Keweenaw,0,0.01,
Keya Paha,0,0.01,
Kidder,0,0.01,
Kimball,0,0.01,
Kimble,0,0.01,
King,0,0.01,
King,0,0.01,
King George,0,0.01,
King William,0,0.01,
King and Queen,0,0.01,
Kingfisher,0,0.01,
Kingman,0,0.01,
Kings,0,0.01,
Kings,755,0.03,Y:\personal\mcallahan\Business\WattsonWater\DATA\Hydrography\County_NHD\Kings\Kings_waterbodies.shp
Kingsbury,0,0.01,
Kinney,0,0.01,
Kiowa,0,0.01,
Kiowa,0,0.01,
Kiowa,0,0.01,
Kit Carson,0,0.01,
Kitsap,0,0.01,
Kittitas,0,0.01,
Kittson,0,0.01,
Klamath,18,0.01,Y:\personal\mcallahan\Business\WattsonWater\DATA\Hydrography\County_NHD\Klamath\Klamath_waterbodies.shp
Kleberg,0,0.01,
Klickitat,0,0.01,
Knott,0,0.01,
Knox,0,0.01,
Knox,0,0.01,
Knox,0,0.01,
Knox,0,0.01,
Knox,0,0.01,
Knox,0,0.01,
Knox,0,0.01,
Knox,0,0.01,
Knox,0,0.01,
Kodiak Island,0,0.01,
Koochiching,0,0.01,
Kootenai,0,0.01,
Kosciusko,0,0.01,
Kossuth,0,0.01,
Kusilvak,0,0.01,
La Crosse,0,0.01,
La Paz,22,0.02,Y:\personal\mcallahan\Business\WattsonWater\DATA\Hydrography\County_NHD\La_Paz\La_Paz_waterbodies.shp
La Plata,0,0.01,
La Salle,0,0.01,
La Salle,0,0.01,
La Salle,0,0.01,
LaGrange,0,0.01,
LaMoure,0,0.01,
LaPorte,0,0.01,
Labette,0,0.01,
Lac qui Parle,0,0.01,
Lackawanna,0,0.01,
Laclede,0,0.01,
Lafayette,0,0.01,
Lafayette,0,0.01,
Lafayette,0,0.01,
Lafayette,0,0.01,
Lafayette,0,0.01,
Lafayette,0,0.01,
Lafourche,0,0.01,
Lajas,0,0.01,
Lake,0,0.01,
Lake,0,0.01,
Lake,0,0.01,
Lake,0,0.01,
Lake,0,0.01,
Lake,0,0.01,
Lake,0,0.01,
Lake,0,0.01,
Lake,0,0.01,
Lake,0,0.01,
Lake,5,0.01,Y:\personal\mcallahan\Business\WattsonWater\DATA\Hydrography\County_NHD\Lake\Lake_waterbodies.shp
Lake,951,0.04,Y:\personal\mcallahan\Business\WattsonWater\DATA\Hydrography\County_NHD\Lake\Lake_waterbodies.shp
Lake and Peninsula,0,0.01,
Lake of the Woods,0,0.01,
Lamar,0,0.01,
Lamar,0,0.01,
Lamar,0,0.01,
Lamar,0,0.01,
Lamb,0,0.01,
Lamoille,0,0.01,
Lampasas,0,0.01,
Lancaster,0,0.01,
Lancaster,0,0.01,
Lancaster,0,0.01,
Lancaster,0,0.01,
Lander,0,0.01,
Lane,0,0.01,
Lane,0,0.01,
Langlade,0,0.01,
Lanier,0,0.01,
Lapeer,0,0.01,
Laramie,0,0.01,
Lares,0,0.01,
Larimer,0,0.01,
Larue,0,0.01,
Las Animas,0,0.01,
Las Maras,0,0.01,
Las Piedras,0,0.01,
Lassen,3471,0.08,Y:\personal\mcallahan\Business\WattsonWater\DATA\Hydrography\County_NHD\Lassen\Lassen_waterbodies.shp
Latah,0,0.01,
Latimer,0,0.01,
Lauderdale,0,0.01,
Lauderdale,0,0.01,
Lauderdale,0,0.01,
Laurel,0,0.01,
Laurens,0,0.01,
Laurens,0,0.01,
Lavaca,0,0.01,
Lawrence,0,0.01,
Lawrence,0,0.01,
Lawrence,0,0.01,
Lawrence,0,0.01,
Lawrence,0,0.01,
Lawrence,0,0.01,
Lawrence,0,0.01,
Lawrence,0,0.01,
Lawrence,0,0.01,
Lawrence,0,0.01,
Lawrence,0,0.01,
Le Flore,0,0.01,
Le Sueur,0,0.01,
Lea,0,0.01,
Leake,0,0.01,
Leavenworth,0,0.01,
Lebanon,0,0.01,
Lee,0,0.01,
Lee,0,0.01,
Lee,0,0.01,
Lee,0,0.01,
Lee,0,0.01,
Lee,0,0.01,
Lee,0,0.01,
Lee,0,0.01,
Lee,0,0.01,
Lee,0,0.01,
Lee,0,0.01,
Lee,0,0.01,
Leelanau,0,0.01,
Leflore,0,0.01,
Lehigh,0,0.01,
Lemhi,0,0.01,
Lenawee,0,0.01,
Lenoir,0,0.01,
Leon,0,0.01,
Leon,0,0.01,
Leslie,0,0.01,
Letcher,0,0.01,
Levy,0,0.01,
Lewis,0,0.01,
Lewis,0,0.01,
Lewis,0,0.01,
Lewis,0,0.01,
Lewis,0,0.01,
Lewis,0,0.01,
Lewis,0,0.01,
Lewis and Clark,0,0.01,
Lexington,0,0.01,
Lexington,0,0.01,
Liberty,0,0.01,
Liberty,0,0.01,
Liberty,0,0.01,
Liberty,0,0.01,
Licking,0,0.01,
Limestone,0,0.01,
Limestone,0,0.01,
Lincoln,0,0.01,
Lincoln,0,0.01,
Lincoln,0,0.01,
Lincoln,0,0.01,
Lincoln,0,0.01,
Lincoln,0,0.01,
Lincoln,0,0.01,
Lincoln,0,0.01,
Lincoln,0,0.01,
Lincoln,0,0.01,
Lincoln,0,0.01,
Lincoln,0,0.01,
Lincoln,0,0.01,
Lincoln,0,0.01,
Lincoln,0,0.01,
Lincoln,0,0.01,
Lincoln,0,0.01,
Lincoln,0,0.01,
Lincoln,0,0.01,
Lincoln,0,0.01,
Lincoln,0,0.01,
Lincoln,0,0.01,
Lincoln,0,0.01,
Lincoln,0,0.01,
Linn,0,0.01,
Linn,0,0.01,
Linn,0,0.01,
Linn,0,0.01,
Lipscomb,0,0.01,
Litchfield,0,0.01,
Little River,0,0.01,
Live Oak,0,0.01,
Livingston,0,0.01,
Livingston,0,0.01,
Livingston,0,0.01,
Livingston,0,0.01,
Livingston,0,0.01,
Livingston,0,0.01,
Llano,0,0.01,
Logan,0,0.01,
Logan,0,0.01,
Logan,0,0.01,
Logan,0,0.01,
Logan,0,0.01,
Logan,0,0.01,
Logan,0,0.01,
Logan,0,0.01,
Logan,0,0.01,
Logan,0,0.01,
Long,0,0.01,
Lonoke,0,0.01,
Lorain,0,0.01,
Los Alamos,0,0.01,
Los Angeles,2220,0.08,Y:\personal\mcallahan\Business\WattsonWater\DATA\Hydrography\County_NHD\Los_Angeles\Los_Angeles_waterbodies.shp
Loudon,0,0.01,
Loudoun,0,0.01,
Louisa,0,0.01,
Louisa,0,0.01,
Loup,0,0.01,
Love,0,0.01,
Loving,0,0.01,
Lowndes,0,0.01,
Lowndes,0,0.01,
Lowndes,0,0.01,
Loíza,0,0.01,
Lubbock,0,0.01,
Lucas,0,0.01,
Lucas,0,0.01,
Luce,0,0.01,
Lumpkin,0,0.01,
Luna,0,0.01,
Lunenburg,0,0.01,
Luquillo,0,0.01,
Luzerne,0,0.01,
Lycoming,0,0.01,
Lyman,0,0.01,
Lynchburg,0,0.01,
Lynn,0,0.01,
Lyon,0,0.01,
Lyon,0,0.01,
Lyon,0,0.01,
Lyon,0,0.01,
Lyon,0,0.01,
Mackinac,0,0.01,
Macomb,0,0.01,
Macon,0,0.01,
Macon,0,0.01,
Macon,0,0.01,
Macon,0,0.01,
Macon,0,0.01,
Macon,0,0.01,
Macoupin,0,0.01,
Madera,3079,0.09,Y:\personal\mcallahan\Business\WattsonWater\DATA\Hydrography\County_NHD\Madera\Madera_waterbodies.shp
Madison,0,0.01,
Madison,0,0.01,
Madison,0,0.01,
Madison,0,0.01,
Madison,0,0.01,
Madison,0,0.01,
Madison,0,0.01,
Madison,0,0.01,
Madison,0,0.01,
Madison,0,0.01,
Madison,0,0.01,
Madison,0,0.01,
Madison,0,0.01,
Madison,0,0.01,
Madison,0,0.01,
Madison,0,0.01,
Madison,0,0.01,
Madison,0,0.01,
Madison,0,0.01,
Madison,0,0.01,
Magoffin,0,0.01,
Mahaska,0,0.01,
Mahnomen,0,0.01,
Mahoning,0,0.01,
Major,0,0.01,
Malheur,0,0.01,
Manassas,0,0.01,
Manassas Park,0,0.01,
Manatee,0,0.01,
Manatí,0,0.01,
Manistee,0,0.01,
Manitowoc,0,0.01,
Marathon,0,0.01,
Marengo,0,0.01,
Maricao,0,0.01,
Maricopa,0,0.01,
Maries,0,0.02,
Marin,1165,0.09,Y:\personal\mcallahan\Business\WattsonWater\DATA\Hydrography\County_NHD\Marin\Marin_waterbodies.shp
Marinette,0,0.01,
Marion,0,0.01,
Marion,0,0.01,
Marion,0,0.01,
Marion,0,0.01,
Marion,0,0.01,
Marion,0,0.01,
Marion,0,0.01,
Marion,0,0.01,
Marion,0,0.01,
Marion,0,0.01,
Marion,0,0.01,
Marion,0,0.01,
Marion,0,0.01,
Marion,0,0.01,
Marion,0,0.01,
Marion,0,0.01,
Marion,0,0.01,
Mariposa,997,0.04,Y:\personal\mcallahan\Business\WattsonWater\DATA\Hydrography\County_NHD\Mariposa\Mariposa_waterbodies.shp
Marlboro,0,0.01,
Marquette,0,0.01,
Marquette,0,0.01,
Marshall,0,0.01,
Marshall,0,0.01,
Marshall,0,0.01,
Marshall,0,0.01,
Marshall,0,0.01,
Marshall,0,0.01,
Marshall,0,0.01,
Marshall,0,0.01,
Marshall,0,0.01,
Marshall,0,0.01,
Marshall,0,0.01,
Marshall,0,0.02,
Martin,0,0.01,
Martin,0,0.01,
Martin,0,0.01,
Martin,0,0.01,
Martin,0,0.01,
Martin,0,0.01,
Martinsville,0,0.01,
Mason,0,0.01,
Mason,0,0.01,
Mason,0,0.01,
Mason,0,0.01,
Mason,0,0.01,
Mason,0,0.01,
Massac,0,0.01,
Matagorda,0,0.01,
Matanuska-Susitna,0,0.01,
Mathews,0,0.01,
Maui,0,0.01,
Maunabo,0,0.01,
Maury,0,0.01,
Maverick,0,0.01,
Mayagez,0,0.01,
Mayes,0,0.01,
McClain,0,0.01,
McCone,0,0.01,
McCook,0,0.01,
McCormick,0,0.01,
McCracken,0,0.01,
McCreary,0,0.01,
McCulloch,0,0.01,
McCurtain,0,0.01,
McDonald,0,0.01,
McDonough,0,0.01,
McDowell,0,0.01,
McDowell,0,0.01,
McDuffie,0,0.01,
McHenry,0,0.01,
McHenry,0,0.01,
McIntosh,0,0.01,
McIntosh,0,0.01,
McIntosh,0,0.01,
McKean,0,0.01,
McKenzie,0,0.01,
McKinley,0,0.01,
McLean,0,0.01,
McLean,0,0.01,
McLean,0,0.01,
McLennan,0,0.01,
McLeod,0,0.01,
McMinn,0,0.01,
McMullen,0,0.01,
McNairy,0,0.01,
McPherson,0,0.01,
McPherson,0,0.01,
McPherson,0,0.01,
Meade,0,0.01,
Meade,0,0.01,
Meade,0,0.01,
Meagher,0,0.01,
Mecklenburg,0,0.01,
Mecklenburg,0,0.01,
Mecosta,0,0.01,
Medina,0,0.01,
Medina,0,0.01,
Meeker,0,0.01,
Meigs,0,0.01,
Meigs,0,0.01,
Mellette,0,0.01,
Menard,0,0.01,
Menard,0,0.01,
Mendocino,2823,0.10,Y:\personal\mcallahan\Business\WattsonWater\DATA\Hydrography\County_NHD\Mendocino\Mendocino_waterbodies.shp
Menifee,0,0.01,
Menominee,0,0.01,
Menominee,0,0.02,
Merced,3160,0.12,Y:\personal\mcallahan\Business\WattsonWater\DATA\Hydrography\County_NHD\Merced\Merced_waterbodies.shp
Mercer,0,0.01,
Mercer,0,0.01,
Mercer,0,0.01,
Mercer,0,0.01,
Mercer,0,0.01,
Mercer,0,0.01,
Mercer,0,0.01,
Mercer,0,0.01,
Meriwether,0,0.01,
Merrick,0,0.01,
Merrimack,0,0.01,
Mesa,0,0.01,
Metcalfe,0,0.01,
Miami,0,0.01,
Miami,0,0.01,
Miami,0,0.01,
Miami-Dade,0,0.01,
Middlesex,0,0.01,
Middlesex,0,0.01,
Middlesex,0,0.01,
Middlesex,0,0.01,
Midland,0,0.01,
Midland,0,0.01,
Mifflin,0,0.01,
Milam,0,0.01,
Millard,0,0.01,
Mille Lacs,0,0.01,
Miller,0,0.01,
Miller,0,0.01,
Miller,0,0.01,
Mills,0,0.01,
Mills,0,0.01,
Milwaukee,0,0.01,
Miner,0,0.01,
Mineral,0,0.01,
Mineral,0,0.01,
Mineral,0,0.01,
Mineral,0,0.01,
Mingo,0,0.01,
Minidoka,0,0.01,
Minnehaha,0,0.01,
Missaukee,0,0.01,
Mississippi,0,0.01,
Mississippi,0,0.01,
Missoula,0,0.01,
Mitchell,0,0.01,
Mitchell,0,0.01,
Mitchell,0,0.01,
Mitchell,0,0.01,
Mitchell,0,0.01,
Mobile,0,0.01,
Moca,0,0.01,
Modoc,3386,0.10,Y:\personal\mcallahan\Business\WattsonWater\DATA\Hydrography\County_NHD\Modoc\Modoc_waterbodies.shp
Moffat,0,0.01,
Mohave,7,0.02,Y:\personal\mcallahan\Business\WattsonWater\DATA\Hydrography\County_NHD\Mohave\Mohave_waterbodies.shp
Moniteau,0,0.01,
Monmouth,0,0.01,
Mono,1306,0.05,Y:\personal\mcallahan\Business\WattsonWater\DATA\Hydrography\County_NHD\Mono\Mono_waterbodies.shp
Monona,0,0.01,
Monongalia,0,0.01,
Monroe,0,0.01,
Monroe,0,0.01,
Monroe,0,0.01,
Monroe,0,0.01,
Monroe,0,0.01,
Monroe,0,0.01,
Monroe,0,0.01,
Monroe,0,0.01,
Monroe,0,0.01,
Monroe,0,0.01,
Monroe,0,0.01,
Monroe,0,0.01,
Monroe,0,0.01,
Monroe,0,0.01,
Monroe,0,0.01,
Monroe,0,0.01,
Monroe,0,0.01,
Montague,0,0.01,
Montcalm,0,0.01,
Monterey,1820,0.08,Y:\personal\mcallahan\Business\WattsonWater\DATA\Hydrography\County_NHD\Monterey\Monterey_waterbodies.shp
Montezuma,0,0.01,
Montgomery,0,0.01,
Montgomery,0,0.01,
Montgomery,0,0.01,
Montgomery,0,0.01,
Montgomery,0,0.01,
Montgomery,0,0.01,
Montgomery,0,0.01,
Montgomery,0,0.01,
Montgomery,0,0.01,
Montgomery,0,0.01,
Montgomery,0,0.01,
Montgomery,0,0.01,
Montgomery,0,0.01,
Montgomery,0,0.01,
Montgomery,0,0.01,
Montgomery,0,0.01,
Montgomery,0,0.01,
Montgomery,0,0.01,
Montmorency,0,0.01,
Montour,0,0.01,
Montrose,0,0.01,
Moody,0,0.01,
Moore,0,0.01,
Moore,0,0.01,
Moore,0,0.01,
Mora,0,0.01,
Morehouse,0,0.01,
Morgan,0,0.01,
Morgan,0,0.01,
Morgan,0,0.01,
Morgan,0,0.01,
Morgan,0,0.01,
Morgan,0,0.01,
Morgan,0,0.01,
Morgan,0,0.01,
Morgan,0,0.01,
Morgan,0,0.01,
Morgan,0,0.01,
Morovis,0,0.01,
Morrill,0,0.01,
Morris,0,0.01,
Morris,0,0.01,
Morris,0,0.01,
Morrison,0,0.01,
Morrow,0,0.01,
Morrow,0,0.01,
Morton,0,0.01,
Morton,0,0.01,
Motley,0,0.01,
Moultrie,0,0.01,
Mountrail,0,0.01,
Mower,0,0.02,
Muhlenberg,0,0.01,
Multnomah,0,0.01,
Murray,0,0.01,
Murray,0,0.01,
Murray,0,0.01,
Muscatine,0,0.01,
Muscogee,0,0.02,
Muskegon,0,0.01,
Muskingum,0,0.01,
Muskogee,0,0.01,
Musselshell,0,0.01,
Nacogdoches,0,0.01,
Naguabo,0,0.01,
Nance,0,0.01,
Nantucket,0,0.01,
Napa,1656,0.05,Y:\personal\mcallahan\Business\WattsonWater\DATA\Hydrography\County_NHD\Napa\Napa_waterbodies.shp
Naranjito,0,0.01,
Nash,0,0.01,
Nassau,0,0.01,
Nassau,0,0.01,
Natchitoches,0,0.01,
Natrona,0,0.01,
Navajo,0,0.01,
Navarro,0,0.01,
Nelson,0,0.01,
Nelson,0,0.01,
Nelson,0,0.01,
Nemaha,0,0.01,
Nemaha,0,0.01,
Neosho,0,0.01,
Neshoba,0,0.01,
Ness,0,0.01,
Nevada,0,0.01,
Nevada,2820,0.08,Y:\personal\mcallahan\Business\WattsonWater\DATA\Hydrography\County_NHD\Nevada\Nevada_waterbodies.shp
New Castle,0,0.01,
New Hanover,0,0.01,
New Haven,0,0.01,
New Kent,0,0.01,
New London,0,0.01,
New Madrid,0,0.01,
New York,0,0.01,
Newaygo,0,0.01,
Newberry,0,0.01,
Newport,0,0.01,
Newport News,0,0.01,
Newton,0,0.01,
Newton,0,0.01,
Newton,0,0.01,
Newton,0,0.01,
Newton,0,0.01,
Newton,0,0.01,
Nez Perce,0,0.01,
Niagara,0,0.01,
Nicholas,0,0.01,
Nicholas,0,0.01,
Nicollet,0,0.01,
Niobrara,0,0.01,
Noble,0,0.01,
Noble,0,0.01,
Noble,0,0.01,
Nobles,0,0.01,
Nodaway,0,0.01,
Nolan,0,0.01,
Nome,0,0.01,
Norfolk,0,0.01,
Norfolk,0,0.01,
Norman,0,0.01,
North Slope,0,0.01,
Northampton,0,0.01,
Northampton,0,0.01,
Northampton,0,0.01,
Northumberland,0,0.01,
Northumberland,0,0.02,
Northwest Arctic,0,0.01,
Norton,0,0.01,
Norton,0,0.01,
Nottoway,0,0.01,
Nowata,0,0.01,
Noxubee,0,0.01,
Nuckolls,0,0.01,
Nueces,0,0.01,
Nye,0,0.01,
O'Brien,0,0.01,
Oakland,0,0.01,
Obion,0,0.01,
Ocean,0,0.01,
Oceana,0,0.01,
Ochiltree,0,0.01,
Oconee,0,0.01,
Oconee,0,0.01,
Oconto,0,0.01,
Ogemaw,0,0.01,
Oglala Lakota,0,0.01,
Ogle,0,0.01,
Oglethorpe,0,0.01,
Ohio,0,0.01,
Ohio,0,0.01,
Ohio,0,0.01,
Okaloosa,0,0.01,
Okanogan,0,0.01,
Okeechobee,0,0.01,
Okfuskee,0,0.01,
Oklahoma,0,0.01,
Okmulgee,0,0.01,
Oktibbeha,0,0.01,
Oldham,0,0.01,
Oldham,0,0.01,
Oliver,0,0.01,
Olmsted,0,0.01,
Oneida,0,0.01,
Oneida,0,0.01,
Oneida,0,0.01,
Onondaga,0,0.01,
Onslow,0,0.01,
Ontario,0,0.01,
Ontonagon,0,0.01,
Orange,0,0.01,
Orange,0,0.01,
Orange,0,0.01,
Orange,0,0.01,
Orange,0,0.01,
Orange,0,0.01,
Orange,0,0.01,
Orange,765,0.04,Y:\personal\mcallahan\Business\WattsonWater\DATA\Hydrography\County_NHD\Orange\Orange_waterbodies.shp
Orangeburg,0,0.01,
Oregon,0,0.01,
Orleans,0,0.01,
Orleans,0,0.01,
Orleans,0,0.01,
Orocovis,0,0.01,
Osage,0,0.01,
Osage,0,0.01,
Osage,0,0.01,
Osborne,0,0.01,
Osceola,0,0.01,
Osceola,0,0.01,
Osceola,0,0.01,
Oscoda,0,0.01,
Oswego,0,0.01,
Otero,0,0.01,
Otero,0,0.01,
Otoe,0,0.01,
Otsego,0,0.01,
Otsego,0,0.01,
Ottawa,0,0.01,
Ottawa,0,0.01,
Ottawa,0,0.01,
Ottawa,0,0.01,
Otter Tail,0,0.01,
Ouachita,0,0.01,
Ouachita,0,0.01,
Ouray,0,0.01,
Outagamie,0,0.01,
Overton,0,0.01,
Owen,0,0.01,
Owen,0,0.01,
Owsley,0,0.01,
Owyhee,0,0.01,
Oxford,0,0.01,
Ozark,0,0.01,
Ozaukee,0,0.01,
Pacific,0,0.01,
Page,0,0.01,
Page,0,0.01,
Palm Beach,0,0.01,
Palo Alto,0,0.01,
Palo Pinto,0,0.01,
Pamlico,0,0.01,
Panola,0,0.01,
Panola,0,0.01,
Park,0,0.01,
Park,0,0.01,
Park,0,0.01,
Parke,0,0.01,
Parker,0,0.01,
Parmer,0,0.01,
Pasco,0,0.01,
Pasquotank,0,0.01,
Passaic,0,0.01,
Patillas,0,0.01,
Patrick,0,0.01,
Paulding,0,0.01,
Paulding,0,0.01,
Pawnee,0,0.01,
Pawnee,0,0.01,
Pawnee,0,0.01,
Payette,0,0.01,
Payne,0,0.01,
Peach,0,0.01,
Pearl River,0,0.01,
Pecos,0,0.01,
Pembina,0,0.01,
Pemiscot,0,0.01,
Pend Oreille,0,0.01,
Pender,0,0.01,
Pendleton,0,0.01,
Pendleton,0,0.01,
Pennington,0,0.01,
Pennington,0,0.01,
Penobscot,0,0.01,
Peoria,0,0.01,
Pepin,0,0.01,
Perkins,0,0.01,
Perkins,0,0.01,
Perquimans,0,0.01,
Perry,0,0.01,
Perry,0,0.01,
Perry,0,0.01,
Perry,0,0.01,
Perry,0,0.01,
Perry,0,0.01,
Perry,0,0.01,
Perry,0,0.01,
Perry,0,0.01,
Perry,0,0.01,
Pershing,0,0.01,
Person,0,0.01,
Petersburg,0,0.01,
Petersburg,0,0.01,
Petroleum,0,0.01,
Pettis,0,0.01,
Peńuelas,0,0.01,
Phelps,0,0.01,
Phelps,0,0.01,
Philadelphia,0,0.01,
Phillips,0,0.01,
Phillips,0,0.01,
Phillips,0,0.01,
Phillips,0,0.01,
Piatt,0,0.01,
Pickaway,0,0.01,
Pickens,0,0.01,
Pickens,0,0.01,
Pickens,0,0.01,
Pickett,0,0.01,
Pierce,0,0.01,
Pierce,0,0.01,
Pierce,0,0.01,
Pierce,0,0.01,
Pierce,0,0.01,
Pike,0,0.01,
Pike,0,0.01,
Pike,0,0.01,
Pike,0,0.01,
Pike,0,0.01,
Pike,0,0.01,
Pike,0,0.01,
Pike,0,0.01,
Pike,0,0.01,
Pike,0,0.02,
Pima,0,0.01,
Pinal,0,0.01,
Pine,0,0.01,
Pinellas,0,0.01,
Pipestone,0,0.01,
Piscataquis,0,0.01,
Pitkin,0,0.01,
Pitt,0,0.01,
Pittsburg,0,0.01,
Pittsylvania,0,0.01,
Piute,0,0.01,
Placer,2505,0.08,Y:\personal\mcallahan\Business\WattsonWater\DATA\Hydrography\County_NHD\Placer\Placer_waterbodies.shp
Plaquemines,0,0.01,
Platte,0,0.01,
Platte,0,0.01,
Platte,0,0.01,
Pleasants,0,0.01,
Plumas,970,0.05,Y:\personal\mcallahan\Business\WattsonWater\DATA\Hydrography\County_NHD\Plumas\Plumas_waterbodies.shp
Plymouth,0,0.01,
Plymouth,0,0.01,
Pocahontas,0,0.01,
Pocahontas,0,0.02,
Poinsett,0,0.01,
Pointe Coupee,0,0.01,
Polk,0,0.01,
Polk,0,0.01,
Polk,0,0.01,
Polk,0,0.01,
Polk,0,0.01,
Polk,0,0.01,
Polk,0,0.01,
Polk,0,0.01,
Polk,0,0.01,
Polk,0,0.01,
Polk,0,0.01,
Polk,0,0.03,
Ponce,0,0.01,
Pondera,0,0.01,
Pontotoc,0,0.01,
Pontotoc,0,0.01,
Pope,0,0.01,
Pope,0,0.01,
Pope,0,0.01,
Poquoson,0,0.01,
Portage,0,0.01,
Portage,0,0.01,
Porter,0,0.01,
Portsmouth,0,0.01,
Posey,0,0.01,
Pottawatomie,0,0.01,
Pottawatomie,0,0.01,
Pottawattamie,0,0.01,
Potter,0,0.01,
Potter,0,0.01,
Potter,0,0.01,
Powder River,0,0.01,
Powell,0,0.01,
Powell,0,0.01,
Power,0,0.01,
Poweshiek,0,0.01,
Powhatan,0,0.01,
Prairie,0,0.01,
Prairie,0,0.01,
Pratt,0,0.01,
Preble,0,0.01,
Prentiss,0,0.01,
Presidio,0,0.01,
Presque Isle,0,0.01,
Preston,0,0.01,
Price,0,0.01,
Prince Edward,0,0.01,
Prince George,0,0.01,
Prince George's,0,0.01,
Prince William,0,0.01,
Prince of Wales-Hyder,0,0.01,
Providence,0,0.01,
Prowers,0,0.02,
Pueblo,0,0.01,
Pulaski,0,0.01,
Pulaski,0,0.01,
Pulaski,0,0.01,
Pulaski,0,0.01,
Pulaski,0,0.01,
Pulaski,0,0.01,
Pulaski,0,0.01,
Pushmataha,0,0.01,
Putnam,0,0.01,
Putnam,0,0.01,
Putnam,0,0.01,
Putnam,0,0.01,
Putnam,0,0.01,
Putnam,0,0.01,
Putnam,0,0.01,
Putnam,0,0.01,
Putnam,0,0.01,
Quay,0,0.01,
Quebradillas,0,0.01,
Queen Anne's,0,0.01,
Queens,0,0.01,
Quitman,0,0.01,
Quitman,0,0.01,
Rabun,0,0.01,
Racine,0,0.01,
Radford,0,0.01,
Rains,0,0.01,
Raleigh,0,0.01,
Ralls,0,0.01,
Ramsey,0,0.01,
Ramsey,0,0.01,
Randall,0,0.01,
Randolph,0,0.01,
Randolph,0,0.01,
Randolph,0,0.01,
Randolph,0,0.01,
Randolph,0,0.01,
Randolph,0,0.01,
Randolph,0,0.01,
Randolph,0,0.01,
Rankin,0,0.01,
Ransom,0,0.01,
Rapides,0,0.01,
Rappahannock,0,0.01,
Ravalli,0,0.01,
Rawlins,0,0.01,
Ray,0,0.01,
Reagan,0,0.01,
Real,0,0.01,
Red Lake,0,0.01,
Red River,0,0.01,
Red River,0,0.01,
Red Willow,0,0.01,
Redwood,0,0.01,
Reeves,0,0.01,
Refugio,0,0.01,
Reno,0,0.01,
Rensselaer,0,0.01,
Renville,0,0.01,
Renville,0,0.01,
Republic,0,0.01,
Reynolds,0,0.01,
Rhea,0,0.01,
Rice,0,0.01,
Rice,0,0.01,
Rich,0,0.01,
Richardson,0,0.01,
Richland,0,0.01,
Richland,0,0.01,
Richland,0,0.01,
Richland,0,0.01,
Richland,0,0.01,
Richland,0,0.01,
Richland,0,0.01,
Richmond,0,0.01,
Richmond,0,0.01,
Richmond,0,0.01,
Richmond,0,0.01,
Richmond,0,0.01,
Riley,0,0.01,
Rincón,0,0.01,
Ringgold,0,0.01,
Rio Arriba,0,0.01,
Rio Blanco,0,0.01,
Rio Grande,0,0.01,
Ripley,0,0.01,
Ripley,0,0.01,
Ritchie,0,0.01,
Riverside,4698,0.10,Y:\personal\mcallahan\Business\WattsonWater\DATA\Hydrography\County_NHD\Riverside\Riverside_waterbodies.shp
Roane,0,0.01,
Roane,0,0.01,
Roanoke,0,0.01,
Roanoke,0,0.01,
Roberts,0,0.01,
Roberts,0,0.01,
Robertson,0,0.01,
Robertson,0,0.01,
Robertson,0,0.01,
Robeson,0,0.01,
Rock,0,0.01,
Rock,0,0.01,
Rock,0,0.01,
Rock Island,0,0.01,
Rockbridge,0,0.01,
Rockcastle,0,0.01,
Rockdale,0,0.01,
Rockingham,0,0.01,
Rockingham,0,0.01,
Rockingham,0,0.01,
Rockland,0,0.01,
Rockwall,0,0.01,
Roger Mills,0,0.01,
Rogers,0,0.01,
Rolette,0,0.01,
Rooks,0,0.01,
Roosevelt,0,0.01,
Roosevelt,0,0.01,
Roscommon,0,0.01,
Roseau,0,0.01,
Rosebud,0,0.01,
Ross,0,0.01,
Routt,0,0.01,
Rowan,0,0.01,
Rowan,0,0.01,
Runnels,0,0.01,
Rush,0,0.01,
Rush,0,0.01,
Rusk,0,0.01,
Rusk,0,0.01,
Russell,0,0.01,
Russell,0,0.01,
Russell,0,0.01,
Russell,0,0.01,
Rutherford,0,0.01,
Rutherford,0,0.01,
Rutland,0,0.01,
Río Grande,0,0.01,
Sabana Grande,0,0.01,
Sabine,0,0.01,
Sabine,0,0.01,
Sac,0,0.01,
Sacramento,2405,0.13,Y:\personal\mcallahan\Business\WattsonWater\DATA\Hydrography\County_NHD\Sacramento\Sacramento_waterbodies.shp
Sagadahoc,0,0.01,
Saginaw,0,0.01,
Saguache,0,0.01,
Saint Bernard,0,0.01,
Saint Charles,0,0.01,
Saint Charles,0,0.01,
Saint Clair,0,0.01,
Saint Clair,0,0.01,
Saint Clair,0,0.01,
Saint Clair,0,0.01,
Saint Croix,0,0.01,
Saint Croix,0,0.01,
Saint Francis,0,0.01,
Saint Francois,0,0.01,
Saint Helena,0,0.01,
Saint James,0,0.01,
Saint John,0,0.01,
Saint John the Baptist,0,0.01,
Saint Johns,0,0.01,
Saint Joseph,0,0.01,
Saint Joseph,0,0.01,
Saint Landry,0,0.01,
Saint Lawrence,0,0.01,
Saint Louis,0,0.01,
Saint Louis,0,0.01,
Saint Louis,0,0.01,
Saint Lucie,0,0.01,
Saint Martin,0,0.01,
Saint Mary,0,0.01,
Saint Mary's,0,0.01,
Saint Tammany,0,0.01,
Saint Thomas,0,0.01,
Sainte Genevieve,0,0.01,
Salem,0,0.01,
Salem,0,0.01,
Salinas,0,0.01,
Saline,0,0.01,
Saline,0,0.01,
Saline,0,0.01,
Saline,0,0.01,
Saline,0,0.02,
Salt Lake,0,0.01,
Saluda,0,0.01,
Sampson,0,0.01,
San Augustine,0,0.01,
San Benito,1241,0.04,Y:\personal\mcallahan\Business\WattsonWater\DATA\Hydrography\County_NHD\San_Benito\San_Benito_waterbodies.shp
San Bernardino,2668,0.09,Y:\personal\mcallahan\Business\WattsonWater\DATA\Hydrography\County_NHD\San_Bernardino\San_Bernardino_waterbodies.shp
San Diego,3235,0.08,Y:\personal\mcallahan\Business\WattsonWater\DATA\Hydrography\County_NHD\San_Diego\San_Diego_waterbodies.shp
San Francisco,60,0.02,Y:\personal\mcallahan\Business\WattsonWater\DATA\Hydrography\County_NHD\San_Francisco\San_Francisco_waterbodies.shp
San Germn,0,0.01,
San Jacinto,0,0.01,
San Joaquin,2462,0.13,Y:\personal\mcallahan\Business\WattsonWater\DATA\Hydrography\County_NHD\San_Joaquin\San_Joaquin_waterbodies.shp
San Juan,0,0.01,
San Juan,0,0.01,
San Juan,0,0.01,
San Juan,0,0.01,
San Juan,0,0.01,
San Lorenzo,0,0.01,
San Luis Obispo,1887,0.07,Y:\personal\mcallahan\Business\WattsonWater\DATA\Hydrography\County_NHD\San_Luis_Obispo\San_Luis_Obispo_waterbodies.shp
San Mateo,593,0.03,Y:\personal\mcallahan\Business\WattsonWater\DATA\Hydrography\County_NHD\San_Mateo\San_Mateo_waterbodies.shp
San Miguel,0,0.01,
San Miguel,0,0.01,
San Patricio,0,0.01,
San Saba,0,0.01,
San Sebastin,0,0.01,
Sanborn,0,0.01,
Sanders,0,0.01,
Sandoval,0,0.01,
Sandusky,0,0.01,
Sangamon,0,0.01,
Sanilac,0,0.01,
Sanpete,0,0.01,
Santa Barbara,1071,0.05,Y:\personal\mcallahan\Business\WattsonWater\DATA\Hydrography\County_NHD\Santa_Barbara\Santa_Barbara_waterbodies.shp
Santa Clara,1947,0.05,Y:\personal\mcallahan\Business\WattsonWater\DATA\Hydrography\County_NHD\Santa_Clara\Santa_Clara_waterbodies.shp
Santa Cruz,0,0.01,
Santa Cruz,409,0.02,Y:\personal\mcallahan\Business\WattsonWater\DATA\Hydrography\County_NHD\Santa_Cruz\Santa_Cruz_waterbodies.shp
Santa Fe,0,0.01,
Santa Isabel,0,0.01,
Santa Rosa,0,0.01,
Sarasota,0,0.01,
Saratoga,0,0.01,
Sargent,0,0.01,
Sarpy,0,0.01,
Sauk,0,0.01,
Saunders,0,0.01,
Sawyer,0,0.01,
Schenectady,0,0.01,
Schleicher,0,0.01,
Schley,0,0.01,
Schoharie,0,0.01,
Schoolcraft,0,0.01,
Schuyler,0,0.01,
Schuyler,0,0.01,
Schuyler,0,0.01,
Schuylkill,0,0.01,
Scioto,0,0.01,
Scotland,0,0.01,
Scotland,0,0.01,
Scott,0,0.01,
Scott,0,0.01,
Scott,0,0.01,
Scott,0,0.01,
Scott,0,0.01,
Scott,0,0.01,
Scott,0,0.01,
Scott,0,0.01,
Scott,0,0.01,
Scott,0,0.01,
Scott,0,0.01,
Scotts Bluff,0,0.01,
Screven,0,0.01,
Scurry,0,0.01,
Searcy,0,0.01,
Sebastian,0,0.01,
Sedgwick,0,0.01,
Sedgwick,0,0.01,
Seminole,0,0.01,
Seminole,0,0.01,
Seminole,0,0.01,
Seneca,0,0.01,
Seneca,0,0.01,
Sequatchie,0,0.01,
Sequoyah,0,0.01,
Sevier,0,0.01,
Sevier,0,0.01,
Sevier,0,0.01,
Seward,0,0.01,
Seward,0,0.01,
Shackelford,0,0.01,
Shannon,0,0.01,
Sharkey,0,0.01,
Sharp,0,0.01,
Shasta,2472,0.10,Y:\personal\mcallahan\Business\WattsonWater\DATA\Hydrography\County_NHD\Shasta\Shasta_waterbodies.shp
Shawano,0,0.01,
Shawnee,0,0.01,
Sheboygan,0,0.01,
Shelby,0,0.01,
Shelby,0,0.01,
Shelby,0,0.01,
Shelby,0,0.01,
Shelby,0,0.01,
Shelby,0,0.01,
Shelby,0,0.01,
Shelby,0,0.01,
Shelby,0,0.01,
Shenandoah,0,0.01,
Sherburne,0,0.01,
Sheridan,0,0.01,
Sheridan,0,0.01,
Sheridan,0,0.01,
Sheridan,0,0.01,
Sheridan,0,0.01,
Sherman,0,0.01,
Sherman,0,0.01,
Sherman,0,0.01,
Sherman,0,0.01,
Shiawassee,0,0.01,
Shoshone,0,0.01,
Sibley,0,0.01,
Sierra,0,0.01,
Sierra,265,0.02,Y:\personal\mcallahan\Business\WattsonWater\DATA\Hydrography\County_NHD\Sierra\Sierra_waterbodies.shp
Silver Bow,0,0.01,
Simpson,0,0.01,
Simpson,0,0.01,
Sioux,0,0.01,
Sioux,0,0.01,
Sioux,0,0.01,
Siskiyou,2480,0.11,Y:\personal\mcallahan\Business\WattsonWater\DATA\Hydrography\County_NHD\Siskiyou\Siskiyou_waterbodies.shp
Sitka,0,0.01,
Skagit,0,0.01,
Skagway,0,0.01,
Skamania,0,0.01,
Slope,0,0.01,
Smith,0,0.01,
Smith,0,0.01,
Smith,0,0.01,
Smith,0,0.01,
Smyth,0,0.01,
Snohomish,0,0.01,
Snyder,0,0.01,
Socorro,0,0.01,
Solano,1441,0.08,Y:\personal\mcallahan\Business\WattsonWater\DATA\Hydrography\County_NHD\Solano\Solano_waterbodies.shp
Somerset,0,0.01,
Somerset,0,0.01,
Somerset,0,0.01,
Somerset,0,0.01,
Somervell,0,0.01,
Sonoma,2812,0.16,Y:\personal\mcallahan\Business\WattsonWater\DATA\Hydrography\County_NHD\Sonoma\Sonoma_waterbodies.shp
Southampton,0,0.01,
Southeast Fairbanks,0,0.01,
Spalding,0,0.01,
Spartanburg,0,0.01,
Spencer,0,0.01,
Spencer,0,0.01,
Spink,0,0.01,
Spokane,0,0.01,
Spotsylvania,0,0.01,
Stafford,0,0.01,
Stafford,0,0.01,
Stanislaus,2551,0.08,Y:\personal\mcallahan\Business\WattsonWater\DATA\Hydrography\County_NHD\Stanislaus\Stanislaus_waterbodies.shp
Stanley,0,0.01,
Stanly,0,0.01,
Stanton,0,0.01,
Stanton,0,0.02,
Stark,0,0.01,
Stark,0,0.01,
Stark,0,0.01,
Starke,0,0.01,
Starr,0,0.01,
Staunton,0,0.01,
Stearns,0,0.01,
Steele,0,0.01,
Steele,0,0.01,
Stephens,0,0.01,
Stephens,0,0.01,
Stephens,0,0.01,
Stephenson,0,0.01,
Sterling,0,0.01,
Steuben,0,0.01,
Steuben,0,0.01,
Stevens,0,0.01,
Stevens,0,0.01,
Stevens,0,0.01,
Stewart,0,0.01,
Stewart,0,0.01,
Stillwater,0,0.01,
Stoddard,0,0.01,
Stokes,0,0.01,
Stone,0,0.01,
Stone,0,0.01,
Stone,0,0.01,
Stonewall,0,0.01,
Storey,0,0.01,
Story,0,0.01,
Strafford,0,0.01,
Stutsman,0,0.01,
Sublette,0,0.01,
Suffolk,0,0.01,
Suffolk,0,0.01,
Suffolk,0,0.01,
Sullivan,0,0.01,
Sullivan,0,0.01,
Sullivan,0,0.01,
Sullivan,0,0.01,
Sullivan,0,0.01,
Sullivan,0,0.01,
Sully,0,0.01,
Summers,0,0.01,
Summit,0,0.01,
Summit,0,0.01,
Summit,0,0.01,
Sumner,0,0.01,
Sumner,0,0.01,
Sumter,0,0.01,
Sumter,0,0.01,
Sumter,0,0.01,
Sumter,0,0.01,
Sunflower,0,0.01,
Surry,0,0.01,
Surry,0,0.02,
Susquehanna,0,0.01,
Sussex,0,0.01,
Sussex,0,0.01,
Sussex,0,0.01,
Sutter,414,0.03,Y:\personal\mcallahan\Business\WattsonWater\DATA\Hydrography\County_NHD\Sutter\Sutter_waterbodies.shp
Sutton,0,0.01,
Suwannee,0,0.01,
Swain,0,0.01,
Sweet Grass,0,0.01,
Sweetwater,0,0.01,
Swift,0,0.01,
Swisher,0,0.01,
Switzerland,0,0.01,
Talbot,0,0.01,
Talbot,0,0.01,
Taliaferro,0,0.01,
Talladega,0,0.02,
Tallahatchie,0,0.01,
Tallapoosa,0,0.01,
Tama,0,0.01,
Taney,0,0.01,
Tangipahoa,0,0.01,
Taos,0,0.01,
Tarrant,0,0.01,
Tate,0,0.02,
Tattnall,0,0.01,
Taylor,0,0.01,
Taylor,0,0.01,
Taylor,0,0.01,
Taylor,0,0.01,
Taylor,0,0.01,
Taylor,0,0.01,
Taylor,0,0.01,
Tazewell,0,0.01,
Tazewell,0,0.01,
Tehama,2628,0.08,Y:\personal\mcallahan\Business\WattsonWater\DATA\Hydrography\County_NHD\Tehama\Tehama_waterbodies.shp
Telfair,0,0.01,
Teller,0,0.01,
Tensas,0,0.01,
Terrebonne,0,0.01,
Terrell,0,0.01,
Terrell,0,0.01,
Terry,0,0.01,
Teton,0,0.01,
Teton,0,0.01,
Teton,0,0.01,
Texas,0,0.01,
Texas,0,0.01,
Thayer,0,0.01,
Thomas,0,0.01,
Thomas,0,0.01,
Thomas,0,0.01,
Throckmorton,0,0.01,
Thurston,0,0.01,
Thurston,0,0.01,
Tift,0,0.01,
Tillamook,0,0.01,
Tillman,0,0.01,
Tioga,0,0.01,
Tioga,0,0.02,
Tippah,0,0.01,
Tippecanoe,0,0.01,
Tipton,0,0.01,
Tipton,0,0.01,
Tishomingo,0,0.02,
Titus,0,0.01,
Toa Alta,0,0.01,
Toa Baja,0,0.01,
Todd,0,0.01,
Todd,0,0.01,
Todd,0,0.01,
Tolland,0,0.01,
Tom Green,0,0.01,
Tompkins,0,0.01,
Tooele,0,0.01,
Toole,0,0.01,
Toombs,0,0.01,
Torrance,0,0.01,
Towner,0,0.01,
Towns,0,0.01,
Traill,0,0.01,
Transylvania,0,0.01,
Traverse,0,0.01,
Travis,0,0.01,
Treasure,0,0.01,
Trego,0,0.01,
Trempealeau,0,0.01,
Treutlen,0,0.01,
Trigg,0,0.01,
Trimble,0,0.01,
Trinity,0,0.01,
Trinity,737,0.07,Y:\personal\mcallahan\Business\WattsonWater\DATA\Hydrography\County_NHD\Trinity\Trinity_waterbodies.shp
Tripp,0,0.01,
Troup,0,0.01,
Trousdale,0,0.01,
Trujillo Alto,0,0.01,
Trumbull,0,0.01,
Tucker,0,0.01,
Tulare,5252,0.10,Y:\personal\mcallahan\Business\WattsonWater\DATA\Hydrography\County_NHD\Tulare\Tulare_waterbodies.shp
Tulsa,0,0.01,
Tunica,0,0.01,
Tuolumne,3661,0.12,Y:\personal\mcallahan\Business\WattsonWater\DATA\Hydrography\County_NHD\Tuolumne\Tuolumne_waterbodies.shp
Turner,0,0.01,
Turner,0,0.01,
Tuscaloosa,0,0.01,
Tuscarawas,0,0.01,
Tuscola,0,0.01,
Twiggs,0,0.01,
Twin Falls,0,0.01,
Tyler,0,0.01,
Tyler,0,0.01,
Tyrrell,0,0.01,
Uinta,0,0.01,
Uintah,0,0.01,
Ulster,0,0.01,
Umatilla,0,0.01,
Unicoi,0,0.01,
Union,0,0.01,
Union,0,0.01,
Union,0,0.01,
Union,0,0.01,
Union,0,0.01,
Union,0,0.01,
Union,0,0.01,
Union,0,0.01,
Union,0,0.01,
Union,0,0.01,
Union,0,0.01,
Union,0,0.01,
Union,0,0.01,
Union,0,0.01,
Union,0,0.01,
Union,0,0.01,
Union,0,0.01,
Union,0,0.01,
Upshur,0,0.01,
Upshur,0,0.01,
Upson,0,0.01,
Upton,0,0.01,
Utah,0,0.01,
Utuado,0,0.01,
Uvalde,0,0.01,
Val Verde,0,0.01,
Valencia,0,0.01,
Valley,0,0.01,
Valley,0,0.01,
Valley,0,0.01,
Van Buren,0,0.01,
Van Buren,0,0.01,
Van Buren,0,0.01,
Van Buren,0,0.01,
Van Wert,0,0.01,
Van Zandt,0,0.01,
Vance,0,0.01,
Vanderburgh,0,0.01,
Vega Alta,0,0.01,
Vega Baja,0,0.01,
Venango,0,0.01,
Ventura,678,0.04,Y:\personal\mcallahan\Business\WattsonWater\DATA\Hydrography\County_NHD\Ventura\Ventura_waterbodies.shp
Vermilion,0,0.01,
Vermilion,0,0.01,
Vermillion,0,0.01,
Vernon,0,0.01,
Vernon,0,0.01,
Vernon,0,0.01,
Victoria,0,0.01,
Vieques,0,0.01,
Vigo,0,0.01,
Vilas,0,0.01,
Villalba,0,0.01,
Vinton,0,0.01,
Virginia Beach,0,0.01,
Volusia,0,0.01,
Wabash,0,0.01,
Wabash,0,0.01,
Wabasha,0,0.01,
Wabaunsee,0,0.01,
Wadena,0,0.01,
Wagoner,0,0.01,
Wahkiakum,0,0.01,
Wake,0,0.01,
Wakulla,0,0.01,
Waldo,0,0.01,
Walker,0,0.01,
Walker,0,0.01,
Walker,0,0.01,
Walla Walla,0,0.01,
Wallace,0,0.01,
Waller,0,0.01,
Wallowa,0,0.01,
Walsh,0,0.01,
Walthall,0,0.01,
Walton,0,0.01,
Walton,0,0.01,
Walworth,0,0.01,
Walworth,0,0.01,
Wapello,0,0.01,
Ward,0,0.01,
Ward,0,0.01,
Ware,0,0.01,
Warren,0,0.01,
Warren,0,0.01,
Warren,0,0.01,
Warren,0,0.01,
Warren,0,0.01,
Warren,0,0.01,
Warren,0,0.01,
Warren,0,0.01,
Warren,0,0.01,
Warren,0,0.01,
Warren,0,0.01,
Warren,0,0.01,
Warren,0,0.01,
Warren,0,0.01,
Warrick,0,0.01,
Wasatch,0,0.01,
Wasco,0,0.01,
Waseca,0,0.01,
Washakie,0,0.01,
Washburn,0,0.01,
Washington,0,0.01,
Washington,0,0.01,
Washington,0,0.01,
Washington,0,0.01,
Washington,0,0.01,
Washington,0,0.01,
Washington,0,0.01,
Washington,0,0.01,
Washington,0,0.01,
Washington,0,0.01,
Washington,0,0.01,
Washington,0,0.01,
Washington,0,0.01,
Washington,0,0.01,
Washington,0,0.01,
Washington,0,0.01,
Washington,0,0.01,
Washington,0,0.01,
Washington,0,0.01,
Washington,0,0.01,
Washington,0,0.01,
Washington,0,0.01,
Washington,0,0.01,
Washington,0,0.01,
Washington,0,0.01,
Washington,0,0.01,
Washington,0,0.01,
Washington,0,0.01,
Washington,0,0.01,
Washington,0,0.01,
Washington,0,0.01,
Washington DC,0,0.01,
Washita,0,0.01,
Washoe,8,0.01,Y:\personal\mcallahan\Business\WattsonWater\DATA\Hydrography\County_NHD\Washoe\Washoe_waterbodies.shp
Washtenaw,0,0.01,
Watauga,0,0.01,
Watonwan,0,0.01,
Waukesha,0,0.01,
Waupaca,0,0.01,
Waushara,0,0.01,
Wayne,0,0.01,
Wayne,0,0.01,
Wayne,0,0.01,
Wayne,0,0.01,
Wayne,0,0.01,
Wayne,0,0.01,
Wayne,0,0.01,
Wayne,0,0.01,
Wayne,0,0.01,
Wayne,0,0.01,
Wayne,0,0.01,
Wayne,0,0.01,
Wayne,0,0.01,
Wayne,0,0.01,
Wayne,0,0.01,
Wayne,0,0.01,
Waynesboro,0,0.01,
Weakley,0,0.01,
Webb,0,0.01,
Weber,0,0.01,
Webster,0,0.01,
Webster,0,0.01,
Webster,0,0.01,
Webster,0,0.01,
Webster,0,0.01,
Webster,0,0.01,
Webster,0,0.01,
Webster,0,0.01,
Weld,0,0.01,
Wells,0,0.01,
Wells,0,0.01,
West Baton Rouge,0,0.01,
West Carroll,0,0.01,
West Feliciana,0,0.01,
Westchester,0,0.01,
Westmoreland,0,0.01,
Westmoreland,0,0.01,
Weston,0,0.01,
Wetzel,0,0.01,
Wexford,0,0.01,
Wharton,0,0.01,
Whatcom,0,0.01,
Wheatland,0,0.01,
Wheeler,0,0.01,
Wheeler,0,0.01,
Wheeler,0,0.01,
Wheeler,0,0.01,
White,0,0.01,
White,0,0.01,
White,0,0.01,
White,0,0.01,
White,0,0.01,
White Pine,0,0.01,
Whiteside,0,0.01,
Whitfield,0,0.01,
Whitley,0,0.01,
Whitley,0,0.01,
Whitman,0,0.01,
Wibaux,0,0.01,
Wichita,0,0.01,
Wichita,0,0.01,
Wicomico,0,0.01,
Wilbarger,0,0.01,
Wilcox,0,0.01,
Wilcox,0,0.01,
Wilkes,0,0.01,
Wilkes,0,0.01,
Wilkin,0,0.01,
Wilkinson,0,0.01,
Wilkinson,0,0.01,
Will,0,0.01,
Willacy,0,0.01,
Williams,0,0.01,
Williams,0,0.01,
Williamsburg,0,0.01,
Williamsburg,0,0.01,
Williamson,0,0.01,
Williamson,0,0.01,
Williamson,0,0.01,
Wilson,0,0.01,
Wilson,0,0.01,
Wilson,0,0.01,
Wilson,0,0.01,
Winchester,0,0.01,
Windham,0,0.01,
Windham,0,0.01,
Windsor,0,0.01,
Winkler,0,0.01,
Winn,0,0.01,
Winnebago,0,0.01,
Winnebago,0,0.01,
Winnebago,0,0.02,
Winneshiek,0,0.01,
Winona,0,0.01,
Winston,0,0.01,
Winston,0,0.01,
Wirt,0,0.01,
Wise,0,0.01,
Wise,0,0.01,
Wolfe,0,0.01,
Wood,0,0.01,
Wood,0,0.01,
Wood,0,0.01,
Wood,0,0.01,
Woodbury,0,0.01,
Woodford,0,0.01,
Woodford,0,0.01,
Woodruff,0,0.01,
Woods,0,0.01,
Woodson,0,0.01,
Woodward,0,0.01,
Worcester,0,0.01,
Worcester,0,0.01,
Worth,0,0.01,
Worth,0,0.01,
Worth,0,0.01,
Wrangell,0,0.01,
Wright,0,0.01,
Wright,0,0.01,
Wright,0,0.01,
Wyandot,0,0.01,
Wyandotte,0,0.01,
Wyoming,0,0.01,
Wyoming,0,0.01,
Wyoming,0,0.01,
Wythe,0,0.01,
Yabucoa,0,0.01,
Yadkin,0,0.01,
Yakima,0,0.01,
Yakutat,0,0.01,
Yalobusha,0,0.01,
Yamhill,0,0.01,
Yancey,0,0.01,
Yankton,0,0.01,
Yates,0,0.01,
Yauco,0,0.01,
Yavapai,0,0.01,
Yazoo,0,0.01,
Yell,0,0.01,
Yellow Medicine,0,0.01,
Yellowstone,0,0.01,
Yoakum,0,0.01,
Yolo,1147,0.08,Y:\personal\mcallahan\Business\WattsonWater\DATA\Hydrography\County_NHD\Yolo\Yolo_waterbodies.shp
York,0,0.01,
York,0,0.01,
York,0,0.01,
York,0,0.01,
York,0,0.01,
Young,0,0.01,
Yuba,1339,0.05,Y:\personal\mcallahan\Business\WattsonWater\DATA\Hydrography\County_NHD\Yuba\Yuba_waterbodies.shp
Yukon-Koyukuk,0,0.01,
Yuma,0,0.01,
Yuma,19,0.04,Y:\personal\mcallahan\Business\WattsonWater\DATA\Hydrography\County_NHD\Yuma\Yuma_waterbodies.shp
Zapata,0,0.01,
Zavala,0,0.01,
Ziebach,0,0.01,
